-- ═══════════════════════════════════════════════════════════
-- MBD Clinic Database Seed Script for Supabase
-- Generated from SQLite dev.db on 2026-03-16
-- Run this in the Supabase SQL Editor
-- ═══════════════════════════════════════════════════════════

-- ─── DEPARTMENT (7 rows) ───
INSERT INTO "Department" ("id", "name", "defaultGstRate", "isActive") VALUES ('cmmt1latg0004qolqrwq0a08u', 'Strength & Conditioning', 0.18, true);
INSERT INTO "Department" ("id", "name", "defaultGstRate", "isActive") VALUES ('cmmt1latg0005qolq0bdyr6zl', 'Physiotherapy', 0, true);
INSERT INTO "Department" ("id", "name", "defaultGstRate", "isActive") VALUES ('cmmt1latg0001qolqw7bogyow', 'Counselling', 0.18, true);
INSERT INTO "Department" ("id", "name", "defaultGstRate", "isActive") VALUES ('cmmt1latg0006qolqfga1zo8i', 'Yoga', 0.05, true);
INSERT INTO "Department" ("id", "name", "defaultGstRate", "isActive") VALUES ('cmmt1latg0002qolq46p9gmg6', 'Medical', 0, true);
INSERT INTO "Department" ("id", "name", "defaultGstRate", "isActive") VALUES ('cmmt1latf0000qolqi5syyyws', 'Massage', 0.18, true);
INSERT INTO "Department" ("id", "name", "defaultGstRate", "isActive") VALUES ('cmmt1latg0003qolqyucjc6ri', 'Nutrition', 0.18, true);

-- ─── CENTRE (1 rows) ───
INSERT INTO "Centre" ("id", "name", "location", "isActive", "createdAt", "updatedAt") VALUES ('mbd-mumbai-hq', 'Movement By Design - Mumbai', 'B 5, 1st Floor, Ionic Building, Justice Vyas Marg, Mumbai – 400 005', true, '2026-03-16T10:30:14.389Z', '2026-03-16T10:30:14.389Z');

-- ─── SERVICE (41 rows) ───
INSERT INTO "Service" ("id", "name", "hsnSacCode", "basePrice", "gstRate", "isActive", "departmentId") VALUES ('cmmt1lax30008qolq8b004tli', 'Medical Consultation', NULL, 2000, 0, true, 'cmmt1latg0002qolq46p9gmg6');
INSERT INTO "Service" ("id", "name", "hsnSacCode", "basePrice", "gstRate", "isActive", "departmentId") VALUES ('cmmt1laxb000aqolq6ucv49ej', 'Physiotherapy Consultation & Session (Head Physiotherapist)', NULL, 2700, 0, true, 'cmmt1latg0005qolq0bdyr6zl');
INSERT INTO "Service" ("id", "name", "hsnSacCode", "basePrice", "gstRate", "isActive", "departmentId") VALUES ('cmmt1laxd000cqolqqn4vxyui', 'Physiotherapy Session (Head Physiotherapist)', NULL, 2200, 0, true, 'cmmt1latg0005qolq0bdyr6zl');
INSERT INTO "Service" ("id", "name", "hsnSacCode", "basePrice", "gstRate", "isActive", "departmentId") VALUES ('cmmt1laxe000eqolqd3x7c48e', 'Rehabilitation Session (Head Physiotherapist)', NULL, 1800, 0, true, 'cmmt1latg0005qolq0bdyr6zl');
INSERT INTO "Service" ("id", "name", "hsnSacCode", "basePrice", "gstRate", "isActive", "departmentId") VALUES ('cmmt1laxf000gqolq52fc4azj', 'Physiotherapy Consultation (Head Physiotherapist)', NULL, 1500, 0, true, 'cmmt1latg0005qolq0bdyr6zl');
INSERT INTO "Service" ("id", "name", "hsnSacCode", "basePrice", "gstRate", "isActive", "departmentId") VALUES ('cmmt1laxg000iqolqlnwuvzge', 'Physiotherapy Home Visit (Head Physiotherapist)', NULL, 4500, 0, true, 'cmmt1latg0005qolq0bdyr6zl');
INSERT INTO "Service" ("id", "name", "hsnSacCode", "basePrice", "gstRate", "isActive", "departmentId") VALUES ('cmmt1laxh000kqolqzamlqdtp', 'Online Physiotherapy Session (Head Physiotherapist)', NULL, 1500, 0, true, 'cmmt1latg0005qolq0bdyr6zl');
INSERT INTO "Service" ("id", "name", "hsnSacCode", "basePrice", "gstRate", "isActive", "departmentId") VALUES ('cmmt1laxi000mqolq5tgxx6j3', 'Cupping (Head Physiotherapist)', NULL, 2200, 0, true, 'cmmt1latg0005qolq0bdyr6zl');
INSERT INTO "Service" ("id", "name", "hsnSacCode", "basePrice", "gstRate", "isActive", "departmentId") VALUES ('cmmt1laxj000oqolq7oehfoc1', 'Rehabilitation with Cupping (Head Physiotherapist)', NULL, 1800, 0, true, 'cmmt1latg0005qolq0bdyr6zl');
INSERT INTO "Service" ("id", "name", "hsnSacCode", "basePrice", "gstRate", "isActive", "departmentId") VALUES ('cmmt1laxk000qqolqho4ph8yf', 'Physiotherapy Consultation & Session (Senior Physiotherapist)', NULL, 2000, 0, true, 'cmmt1latg0005qolq0bdyr6zl');
INSERT INTO "Service" ("id", "name", "hsnSacCode", "basePrice", "gstRate", "isActive", "departmentId") VALUES ('cmmt1laxl000sqolql6pmteso', 'Physiotherapy Session (Senior Physiotherapist)', NULL, 1800, 0, true, 'cmmt1latg0005qolq0bdyr6zl');
INSERT INTO "Service" ("id", "name", "hsnSacCode", "basePrice", "gstRate", "isActive", "departmentId") VALUES ('cmmt1laxm000uqolqrmak3udi', 'Rehabilitation Session (Senior Physiotherapist)', NULL, 1500, 0, true, 'cmmt1latg0005qolq0bdyr6zl');
INSERT INTO "Service" ("id", "name", "hsnSacCode", "basePrice", "gstRate", "isActive", "departmentId") VALUES ('cmmt1laxn000wqolqlsn4kzr1', 'Physiotherapy Consultation (Senior Physiotherapist)', NULL, 1000, 0, true, 'cmmt1latg0005qolq0bdyr6zl');
INSERT INTO "Service" ("id", "name", "hsnSacCode", "basePrice", "gstRate", "isActive", "departmentId") VALUES ('cmmt1laxo000yqolqdr72xpua', 'Physiotherapy Home Visit (Senior Physiotherapist)', NULL, 3500, 0, true, 'cmmt1latg0005qolq0bdyr6zl');
INSERT INTO "Service" ("id", "name", "hsnSacCode", "basePrice", "gstRate", "isActive", "departmentId") VALUES ('cmmt1laxo0010qolq712ltkly', 'Online Physiotherapy Session (Senior Physiotherapist)', NULL, 1200, 0, true, 'cmmt1latg0005qolq0bdyr6zl');
INSERT INTO "Service" ("id", "name", "hsnSacCode", "basePrice", "gstRate", "isActive", "departmentId") VALUES ('cmmt1laxp0012qolqlnhtc9tg', 'Cupping (Senior Physiotherapist)', NULL, 1800, 0, true, 'cmmt1latg0005qolq0bdyr6zl');
INSERT INTO "Service" ("id", "name", "hsnSacCode", "basePrice", "gstRate", "isActive", "departmentId") VALUES ('cmmt1laxq0014qolqa2lzkg7y', 'Rehabilitation with Cupping (Senior Physiotherapist)', NULL, 1500, 0, true, 'cmmt1latg0005qolq0bdyr6zl');
INSERT INTO "Service" ("id", "name", "hsnSacCode", "basePrice", "gstRate", "isActive", "departmentId") VALUES ('cmmt1laxs0016qolqdwh4trot', 'K-Taping', NULL, 600, 0, true, 'cmmt1latg0005qolq0bdyr6zl');
INSERT INTO "Service" ("id", "name", "hsnSacCode", "basePrice", "gstRate", "isActive", "departmentId") VALUES ('cmmt1laxu0018qolqauidncog', 'Dry Needling', NULL, 1500, 0, true, 'cmmt1latg0005qolq0bdyr6zl');
INSERT INTO "Service" ("id", "name", "hsnSacCode", "basePrice", "gstRate", "isActive", "departmentId") VALUES ('cmmt1laxw001aqolq9jjonzqb', 'Therapeutic Ultrasound', NULL, 1000, 0, true, 'cmmt1latg0005qolq0bdyr6zl');
INSERT INTO "Service" ("id", "name", "hsnSacCode", "basePrice", "gstRate", "isActive", "departmentId") VALUES ('cmmt1laxx001cqolq96ce6ig0', 'K-Taping / Dry Needling / Therapeutic Ultrasound', NULL, 1500, 0, true, 'cmmt1latg0005qolq0bdyr6zl');
INSERT INTO "Service" ("id", "name", "hsnSacCode", "basePrice", "gstRate", "isActive", "departmentId") VALUES ('cmmt1laxy001eqolqrlggbvfh', 'Sports / Deep Tissue Massage (30 min)', NULL, 1430, 0.18, true, 'cmmt1latf0000qolqi5syyyws');
INSERT INTO "Service" ("id", "name", "hsnSacCode", "basePrice", "gstRate", "isActive", "departmentId") VALUES ('cmmt1laxz001gqolqn0yuifre', 'Sports / Deep Tissue Massage (60 min)', NULL, 2200, 0.18, true, 'cmmt1latf0000qolqi5syyyws');
INSERT INTO "Service" ("id", "name", "hsnSacCode", "basePrice", "gstRate", "isActive", "departmentId") VALUES ('cmmt1lay0001iqolqazdukm48', 'Sports / Deep Tissue Massage (90 min)', NULL, 3300, 0.18, true, 'cmmt1latf0000qolqi5syyyws');
INSERT INTO "Service" ("id", "name", "hsnSacCode", "basePrice", "gstRate", "isActive", "departmentId") VALUES ('cmmt1lay2001kqolqskitazpt', 'Sports / Deep Tissue Massage Home Visit (30 min)', NULL, 2420, 0.18, true, 'cmmt1latf0000qolqi5syyyws');
INSERT INTO "Service" ("id", "name", "hsnSacCode", "basePrice", "gstRate", "isActive", "departmentId") VALUES ('cmmt1lay4001mqolqr0ajh6lz', 'Sports / Deep Tissue Massage Home Visit (60 min)', NULL, 3300, 0.18, true, 'cmmt1latf0000qolqi5syyyws');
INSERT INTO "Service" ("id", "name", "hsnSacCode", "basePrice", "gstRate", "isActive", "departmentId") VALUES ('cmmt1lay5001oqolqjkyp885q', 'Sports / Deep Tissue Massage Home Visit (90 min)', NULL, 4400, 0.18, true, 'cmmt1latf0000qolqi5syyyws');
INSERT INTO "Service" ("id", "name", "hsnSacCode", "basePrice", "gstRate", "isActive", "departmentId") VALUES ('cmmt1lay7001qqolq44c3idlu', 'Specialised Yoga', NULL, 3200, 0.05, true, 'cmmt1latg0006qolqfga1zo8i');
INSERT INTO "Service" ("id", "name", "hsnSacCode", "basePrice", "gstRate", "isActive", "departmentId") VALUES ('cmmt1lay7001sqolqodamauy1', 'Yoga & Sound Bath', NULL, 1900, 0.05, true, 'cmmt1latg0006qolqfga1zo8i');
INSERT INTO "Service" ("id", "name", "hsnSacCode", "basePrice", "gstRate", "isActive", "departmentId") VALUES ('cmmt1lay8001uqolqv7wcjeyb', 'Yoga & Sound Healing / Breathwork', NULL, 2200, 0.05, true, 'cmmt1latg0006qolqfga1zo8i');
INSERT INTO "Service" ("id", "name", "hsnSacCode", "basePrice", "gstRate", "isActive", "departmentId") VALUES ('cmmt1lay9001wqolqyt8v8oq1', 'Wellness Yoga (with Sound Bath & Breathwork)', NULL, 2500, 0.05, true, 'cmmt1latg0006qolqfga1zo8i');
INSERT INTO "Service" ("id", "name", "hsnSacCode", "basePrice", "gstRate", "isActive", "departmentId") VALUES ('cmmt1laya001yqolq9lq9ormz', 'Group Yoga (Duo)', NULL, 1750, 0.05, true, 'cmmt1latg0006qolqfga1zo8i');
INSERT INTO "Service" ("id", "name", "hsnSacCode", "basePrice", "gstRate", "isActive", "departmentId") VALUES ('cmmt1layb0020qolqaqtk0mvf', 'Group Yoga (Trio)', NULL, 1500, 0.05, true, 'cmmt1latg0006qolqfga1zo8i');
INSERT INTO "Service" ("id", "name", "hsnSacCode", "basePrice", "gstRate", "isActive", "departmentId") VALUES ('cmmt1layc0022qolqah4hjn0z', 'Integrated Counselling', NULL, 2600, 0.18, true, 'cmmt1latg0001qolqw7bogyow');
INSERT INTO "Service" ("id", "name", "hsnSacCode", "basePrice", "gstRate", "isActive", "departmentId") VALUES ('cmmt1layd0024qolquoz2j1e7', 'Integrated Counselling Home Visit', NULL, 3000, 0.18, true, 'cmmt1latg0001qolqw7bogyow');
INSERT INTO "Service" ("id", "name", "hsnSacCode", "basePrice", "gstRate", "isActive", "departmentId") VALUES ('cmmt1laye0026qolqjxzb8xbp', 'Emotional Healing & Behavioural Change Counselling', NULL, 3000, 0.18, true, 'cmmt1latg0001qolqw7bogyow');
INSERT INTO "Service" ("id", "name", "hsnSacCode", "basePrice", "gstRate", "isActive", "departmentId") VALUES ('cmmt1laye0028qolqqzwm5dn2', 'Nutrition Consultation (Senior Nutritionist)', NULL, 3500, 0.18, true, 'cmmt1latg0003qolqyucjc6ri');
INSERT INTO "Service" ("id", "name", "hsnSacCode", "basePrice", "gstRate", "isActive", "departmentId") VALUES ('cmmt1layf002aqolqr765jq7e', 'Follow up Nutrition Session (Senior Nutritionist)', NULL, 2800, 0.18, true, 'cmmt1latg0003qolqyucjc6ri');
INSERT INTO "Service" ("id", "name", "hsnSacCode", "basePrice", "gstRate", "isActive", "departmentId") VALUES ('cmmt1layg002cqolqkc4f3vqv', 'Nutrition Consultation (Associate Nutritionist)', NULL, 2800, 0.18, true, 'cmmt1latg0003qolqyucjc6ri');
INSERT INTO "Service" ("id", "name", "hsnSacCode", "basePrice", "gstRate", "isActive", "departmentId") VALUES ('cmmt1layh002eqolqn912r6t3', 'Follow up Nutrition Session (Associate Nutritionist)', NULL, 2200, 0.18, true, 'cmmt1latg0003qolqyucjc6ri');
INSERT INTO "Service" ("id", "name", "hsnSacCode", "basePrice", "gstRate", "isActive", "departmentId") VALUES ('cmmt1layh002gqolqgprveqoj', 'Strength & Conditioning', NULL, 3000, 0.18, true, 'cmmt1latg0004qolqrwq0a08u');

-- ─── STAFF (19 rows) ───
INSERT INTO "Staff" ("id", "name", "email", "passwordHash", "role", "designation", "isActive", "departmentId", "centreId", "createdAt", "updatedAt") VALUES ('cmmt1lb2y002iqolqpnnr7z4p', 'Admin', 'admin@mbd.in', '$2b$10$MwUec9rBEtG6iXUvRgA3Ouw/LMJREa6WM2UzwFr7TqKrWYpju315O', 'ADMIN', 'System Admin', true, NULL, NULL, '2026-03-16T10:30:14.362Z', '2026-03-16T10:30:14.362Z');
INSERT INTO "Staff" ("id", "name", "email", "passwordHash", "role", "designation", "isActive", "departmentId", "centreId", "createdAt", "updatedAt") VALUES ('cmmt1lb34002kqolq6yy930hq', 'Front Office', 'frontoffice@mbd.in', '$2b$10$MwUec9rBEtG6iXUvRgA3Ouw/LMJREa6WM2UzwFr7TqKrWYpju315O', 'FRONT_OFFICE', 'Front Office Executive', true, NULL, NULL, '2026-03-16T10:30:14.369Z', '2026-03-16T10:30:14.369Z');
INSERT INTO "Staff" ("id", "name", "email", "passwordHash", "role", "designation", "isActive", "departmentId", "centreId", "createdAt", "updatedAt") VALUES ('cmmt1lb36002mqolqzo66gf67', 'Prerna Chhugani', 'prerna@mbd.in', '$2b$10$MwUec9rBEtG6iXUvRgA3Ouw/LMJREa6WM2UzwFr7TqKrWYpju315O', 'CONSULTANT', 'Doctor', true, 'cmmt1latg0002qolq46p9gmg6', NULL, '2026-03-16T10:30:14.370Z', '2026-03-16T10:30:14.370Z');
INSERT INTO "Staff" ("id", "name", "email", "passwordHash", "role", "designation", "isActive", "departmentId", "centreId", "createdAt", "updatedAt") VALUES ('cmmt1lb37002oqolqa95gvw33', 'Yasir Zahid', 'yasir@mbd.in', '$2b$10$MwUec9rBEtG6iXUvRgA3Ouw/LMJREa6WM2UzwFr7TqKrWYpju315O', 'THERAPIST', 'Head Physiotherapist', true, 'cmmt1latg0005qolq0bdyr6zl', NULL, '2026-03-16T10:30:14.371Z', '2026-03-16T10:30:14.371Z');
INSERT INTO "Staff" ("id", "name", "email", "passwordHash", "role", "designation", "isActive", "departmentId", "centreId", "createdAt", "updatedAt") VALUES ('cmmt1lb38002qqolq71asohpx', 'Devanshi Vira', 'devanshi@mbd.in', '$2b$10$MwUec9rBEtG6iXUvRgA3Ouw/LMJREa6WM2UzwFr7TqKrWYpju315O', 'THERAPIST', 'Senior Physiotherapist', true, 'cmmt1latg0005qolq0bdyr6zl', NULL, '2026-03-16T10:30:14.372Z', '2026-03-16T10:30:14.372Z');
INSERT INTO "Staff" ("id", "name", "email", "passwordHash", "role", "designation", "isActive", "departmentId", "centreId", "createdAt", "updatedAt") VALUES ('cmmt1lb39002sqolq0p2gysnk', 'Tasneem Ansari', 'tasneem@mbd.in', '$2b$10$MwUec9rBEtG6iXUvRgA3Ouw/LMJREa6WM2UzwFr7TqKrWYpju315O', 'THERAPIST', 'Senior Physiotherapist', true, 'cmmt1latg0005qolq0bdyr6zl', NULL, '2026-03-16T10:30:14.374Z', '2026-03-16T10:30:14.374Z');
INSERT INTO "Staff" ("id", "name", "email", "passwordHash", "role", "designation", "isActive", "departmentId", "centreId", "createdAt", "updatedAt") VALUES ('cmmt1lb3b002uqolq1qzsk1jy', 'Deepa Mourya', 'deepa@mbd.in', '$2b$10$MwUec9rBEtG6iXUvRgA3Ouw/LMJREa6WM2UzwFr7TqKrWYpju315O', 'THERAPIST', 'Senior Physiotherapist', true, 'cmmt1latg0005qolq0bdyr6zl', NULL, '2026-03-16T10:30:14.375Z', '2026-03-16T10:30:14.375Z');
INSERT INTO "Staff" ("id", "name", "email", "passwordHash", "role", "designation", "isActive", "departmentId", "centreId", "createdAt", "updatedAt") VALUES ('cmmt1lb3c002wqolqnoz84vzl', 'Aanchal Sharma', 'aanchal@mbd.in', '$2b$10$MwUec9rBEtG6iXUvRgA3Ouw/LMJREa6WM2UzwFr7TqKrWYpju315O', 'THERAPIST', 'Senior Physiotherapist', true, 'cmmt1latg0005qolq0bdyr6zl', NULL, '2026-03-16T10:30:14.376Z', '2026-03-16T10:30:14.376Z');
INSERT INTO "Staff" ("id", "name", "email", "passwordHash", "role", "designation", "isActive", "departmentId", "centreId", "createdAt", "updatedAt") VALUES ('cmmt1lb3d002yqolqygmc01k7', 'Sanya Jain', 'sanya@mbd.in', '$2b$10$MwUec9rBEtG6iXUvRgA3Ouw/LMJREa6WM2UzwFr7TqKrWYpju315O', 'THERAPIST', 'Senior Physiotherapist', true, 'cmmt1latg0005qolq0bdyr6zl', NULL, '2026-03-16T10:30:14.377Z', '2026-03-16T10:30:14.377Z');
INSERT INTO "Staff" ("id", "name", "email", "passwordHash", "role", "designation", "isActive", "departmentId", "centreId", "createdAt", "updatedAt") VALUES ('cmmt1lb3e0030qolqpkgsfnqh', 'Sanjay More', 'sanjay@mbd.in', '$2b$10$MwUec9rBEtG6iXUvRgA3Ouw/LMJREa6WM2UzwFr7TqKrWYpju315O', 'THERAPIST', 'Massage Therapist', true, 'cmmt1latf0000qolqi5syyyws', NULL, '2026-03-16T10:30:14.378Z', '2026-03-16T10:30:14.378Z');
INSERT INTO "Staff" ("id", "name", "email", "passwordHash", "role", "designation", "isActive", "departmentId", "centreId", "createdAt", "updatedAt") VALUES ('cmmt1lb3f0032qolq1ylpsiw9', 'Dipali Sawant', 'dipali@mbd.in', '$2b$10$MwUec9rBEtG6iXUvRgA3Ouw/LMJREa6WM2UzwFr7TqKrWYpju315O', 'THERAPIST', 'Massage Therapist', true, 'cmmt1latf0000qolqi5syyyws', NULL, '2026-03-16T10:30:14.379Z', '2026-03-16T10:30:14.379Z');
INSERT INTO "Staff" ("id", "name", "email", "passwordHash", "role", "designation", "isActive", "departmentId", "centreId", "createdAt", "updatedAt") VALUES ('cmmt1lb3g0034qolq3f85armj', 'Harshali Karkare', 'harshali@mbd.in', '$2b$10$MwUec9rBEtG6iXUvRgA3Ouw/LMJREa6WM2UzwFr7TqKrWYpju315O', 'THERAPIST', 'Massage Therapist', true, 'cmmt1latf0000qolqi5syyyws', NULL, '2026-03-16T10:30:14.381Z', '2026-03-16T10:30:14.381Z');
INSERT INTO "Staff" ("id", "name", "email", "passwordHash", "role", "designation", "isActive", "departmentId", "centreId", "createdAt", "updatedAt") VALUES ('cmmt1lb3h0036qolqbgahflon', 'Naina Daryanani', 'naina@mbd.in', '$2b$10$MwUec9rBEtG6iXUvRgA3Ouw/LMJREa6WM2UzwFr7TqKrWYpju315O', 'THERAPIST', 'Yoga Specialist', true, 'cmmt1latg0006qolqfga1zo8i', NULL, '2026-03-16T10:30:14.382Z', '2026-03-16T10:30:14.382Z');
INSERT INTO "Staff" ("id", "name", "email", "passwordHash", "role", "designation", "isActive", "departmentId", "centreId", "createdAt", "updatedAt") VALUES ('cmmt1lb3i0038qolqkud09mk2', 'Shivli Malani', 'shivli@mbd.in', '$2b$10$MwUec9rBEtG6iXUvRgA3Ouw/LMJREa6WM2UzwFr7TqKrWYpju315O', 'THERAPIST', 'Yoga & Sound Healer', true, 'cmmt1latg0006qolqfga1zo8i', NULL, '2026-03-16T10:30:14.383Z', '2026-03-16T10:30:14.383Z');
INSERT INTO "Staff" ("id", "name", "email", "passwordHash", "role", "designation", "isActive", "departmentId", "centreId", "createdAt", "updatedAt") VALUES ('cmmt1lb3j003aqolqrdhrar8d', 'Disha Chandan', 'disha@mbd.in', '$2b$10$MwUec9rBEtG6iXUvRgA3Ouw/LMJREa6WM2UzwFr7TqKrWYpju315O', 'THERAPIST', 'Integrated Counsellor', true, 'cmmt1latg0001qolqw7bogyow', NULL, '2026-03-16T10:30:14.384Z', '2026-03-16T10:30:14.384Z');
INSERT INTO "Staff" ("id", "name", "email", "passwordHash", "role", "designation", "isActive", "departmentId", "centreId", "createdAt", "updatedAt") VALUES ('cmmt1lb3k003cqolqycij16f7', 'Shruti Vibhakar', 'shruti@mbd.in', '$2b$10$MwUec9rBEtG6iXUvRgA3Ouw/LMJREa6WM2UzwFr7TqKrWYpju315O', 'THERAPIST', 'Emotional Healing Counsellor', true, 'cmmt1latg0001qolqw7bogyow', NULL, '2026-03-16T10:30:14.385Z', '2026-03-16T10:30:14.385Z');
INSERT INTO "Staff" ("id", "name", "email", "passwordHash", "role", "designation", "isActive", "departmentId", "centreId", "createdAt", "updatedAt") VALUES ('cmmt1lb3l003eqolqm26b5ij4', 'Sheetal Somaiya', 'sheetal@mbd.in', '$2b$10$MwUec9rBEtG6iXUvRgA3Ouw/LMJREa6WM2UzwFr7TqKrWYpju315O', 'THERAPIST', 'Senior Nutritionist', true, 'cmmt1latg0003qolqyucjc6ri', NULL, '2026-03-16T10:30:14.386Z', '2026-03-16T10:30:14.386Z');
INSERT INTO "Staff" ("id", "name", "email", "passwordHash", "role", "designation", "isActive", "departmentId", "centreId", "createdAt", "updatedAt") VALUES ('cmmt1lb3n003gqolqn0ruy5fc', 'Rajal Shah', 'rajal@mbd.in', '$2b$10$MwUec9rBEtG6iXUvRgA3Ouw/LMJREa6WM2UzwFr7TqKrWYpju315O', 'THERAPIST', 'Associate Nutritionist', true, 'cmmt1latg0003qolqyucjc6ri', NULL, '2026-03-16T10:30:14.387Z', '2026-03-16T10:30:14.387Z');
INSERT INTO "Staff" ("id", "name", "email", "passwordHash", "role", "designation", "isActive", "departmentId", "centreId", "createdAt", "updatedAt") VALUES ('cmmt1lb3o003iqolq2zuldo8e', 'Danesh Doctor', 'danesh@mbd.in', '$2b$10$MwUec9rBEtG6iXUvRgA3Ouw/LMJREa6WM2UzwFr7TqKrWYpju315O', 'THERAPIST', 'S&C Coach', true, 'cmmt1latg0004qolqrwq0a08u', NULL, '2026-03-16T10:30:14.388Z', '2026-03-16T10:30:14.388Z');

-- ─── CLIENT (25 rows) ───
INSERT INTO "Client" ("id", "clientCode", "firstName", "lastName", "email", "phone", "dob", "age", "sex", "dominance", "address", "emergencyContact", "referredBy", "centreId", "createdAt", "updatedAt") VALUES ('cmmt1lb3w003kqolqmlz6s6d4', 'MBD-0001', 'Aarav', 'Sharma', 'aarav.sharma0@gmail.com', '9781612409', '1960-06-19T18:30:00.000Z', 66, 'Male', 'Right', '{"line1":"457, Dadar","city":"Mumbai","state":"Maharashtra","pin":"400084"}', '{"name":"Atharv Sharma","phone":"9246764405","relation":"Spouse"}', 'Walk-in', 'mbd-mumbai-hq', '2026-03-16T10:30:14.396Z', '2026-03-16T10:30:14.396Z');
INSERT INTO "Client" ("id", "clientCode", "firstName", "lastName", "email", "phone", "dob", "age", "sex", "dominance", "address", "emergencyContact", "referredBy", "centreId", "createdAt", "updatedAt") VALUES ('cmmt1lb3y003mqolqyd682odo', 'MBD-0002', 'Vivaan', 'Patel', 'vivaan.patel1@gmail.com', '9343095439', '2007-02-22T18:30:00.000Z', 19, 'Female', 'Left', '{"line1":"85, Malad West","city":"Mumbai","state":"Maharashtra","pin":"400038"}', '{"name":"Ira Patel","phone":"9967740729","relation":"Friend"}', 'Instagram', 'mbd-mumbai-hq', '2026-03-16T10:30:14.398Z', '2026-03-16T10:30:14.398Z');
INSERT INTO "Client" ("id", "clientCode", "firstName", "lastName", "email", "phone", "dob", "age", "sex", "dominance", "address", "emergencyContact", "referredBy", "centreId", "createdAt", "updatedAt") VALUES ('cmmt1lb3z003oqolq0d48kivs', 'MBD-0003', 'Aditya', 'Mehta', 'aditya.mehta2@gmail.com', '9187530055', '1997-01-31T18:30:00.000Z', 29, 'Male', 'Left', '{"line1":"227, Dadar","city":"Mumbai","state":"Maharashtra","pin":"400086"}', '{"name":"Vivaan Mehta","phone":"9897792625","relation":"Spouse"}', 'Google', 'mbd-mumbai-hq', '2026-03-16T10:30:14.399Z', '2026-03-16T10:30:14.399Z');
INSERT INTO "Client" ("id", "clientCode", "firstName", "lastName", "email", "phone", "dob", "age", "sex", "dominance", "address", "emergencyContact", "referredBy", "centreId", "createdAt", "updatedAt") VALUES ('cmmt1lb40003qqolq1y7erw4w', 'MBD-0004', 'Vihaan', 'Shah', 'vihaan.shah3@gmail.com', '9444749186', '1959-07-19T18:30:00.000Z', 67, 'Female', 'Right', '{"line1":"52, Juhu","city":"Mumbai","state":"Maharashtra","pin":"400029"}', '{"name":"Arjun Shah","phone":"9227731561","relation":"Friend"}', 'Doctor Referral', 'mbd-mumbai-hq', '2026-03-16T10:30:14.401Z', '2026-03-16T10:30:14.401Z');
INSERT INTO "Client" ("id", "clientCode", "firstName", "lastName", "email", "phone", "dob", "age", "sex", "dominance", "address", "emergencyContact", "referredBy", "centreId", "createdAt", "updatedAt") VALUES ('cmmt1lb42003sqolq13ohfsma', 'MBD-0005', 'Arjun', 'Desai', 'arjun.desai4@gmail.com', '9663741517', '1983-04-03T18:30:00.000Z', 43, 'Male', 'Left', '{"line1":"129, Powai","city":"Mumbai","state":"Maharashtra","pin":"400090"}', '{"name":"Sneha Desai","phone":"9145776727","relation":"Sibling"}', 'Instagram', 'mbd-mumbai-hq', '2026-03-16T10:30:14.402Z', '2026-03-16T10:30:14.402Z');
INSERT INTO "Client" ("id", "clientCode", "firstName", "lastName", "email", "phone", "dob", "age", "sex", "dominance", "address", "emergencyContact", "referredBy", "centreId", "createdAt", "updatedAt") VALUES ('cmmt1lb43003uqolqdj1vbjuh', 'MBD-0006', 'Sai', 'Joshi', 'sai.joshi5@gmail.com', '9176322457', '2003-11-04T18:30:00.000Z', 23, 'Female', 'Left', '{"line1":"42, Andheri West","city":"Mumbai","state":"Maharashtra","pin":"400007"}', '{"name":"Aditya Joshi","phone":"9113853288","relation":"Parent"}', 'Doctor Referral', 'mbd-mumbai-hq', '2026-03-16T10:30:14.403Z', '2026-03-16T10:30:14.403Z');
INSERT INTO "Client" ("id", "clientCode", "firstName", "lastName", "email", "phone", "dob", "age", "sex", "dominance", "address", "emergencyContact", "referredBy", "centreId", "createdAt", "updatedAt") VALUES ('cmmt1lb44003wqolqz67bcwna', 'MBD-0007', 'Reyansh', 'Kapoor', 'reyansh.kapoor6@gmail.com', '9766719699', '2001-01-20T18:30:00.000Z', 25, 'Male', 'Left', '{"line1":"296, Dadar","city":"Mumbai","state":"Maharashtra","pin":"400044"}', '{"name":"Diya Kapoor","phone":"9638708022","relation":"Sibling"}', 'Instagram', 'mbd-mumbai-hq', '2026-03-16T10:30:14.405Z', '2026-03-16T10:30:14.405Z');
INSERT INTO "Client" ("id", "clientCode", "firstName", "lastName", "email", "phone", "dob", "age", "sex", "dominance", "address", "emergencyContact", "referredBy", "centreId", "createdAt", "updatedAt") VALUES ('cmmt1lb46003yqolq8hjrmwsl', 'MBD-0008', 'Ayaan', 'Malhotra', 'ayaan.malhotra7@gmail.com', '9683567775', '1975-07-21T18:30:00.000Z', 51, 'Female', 'Left', '{"line1":"209, Goregaon","city":"Mumbai","state":"Maharashtra","pin":"400072"}', '{"name":"Ira Malhotra","phone":"9495416148","relation":"Parent"}', NULL, 'mbd-mumbai-hq', '2026-03-16T10:30:14.406Z', '2026-03-16T10:30:14.406Z');
INSERT INTO "Client" ("id", "clientCode", "firstName", "lastName", "email", "phone", "dob", "age", "sex", "dominance", "address", "emergencyContact", "referredBy", "centreId", "createdAt", "updatedAt") VALUES ('cmmt1lb470040qolqbd9asgqd', 'MBD-0009', 'Krishna', 'Gupta', 'krishna.gupta8@gmail.com', '9391640885', '1967-08-25T18:30:00.000Z', 59, 'Male', 'Right', '{"line1":"328, Bandra East","city":"Mumbai","state":"Maharashtra","pin":"400017"}', '{"name":"Aadhya Gupta","phone":"9334061257","relation":"Parent"}', NULL, 'mbd-mumbai-hq', '2026-03-16T10:30:14.407Z', '2026-03-16T10:30:14.407Z');
INSERT INTO "Client" ("id", "clientCode", "firstName", "lastName", "email", "phone", "dob", "age", "sex", "dominance", "address", "emergencyContact", "referredBy", "centreId", "createdAt", "updatedAt") VALUES ('cmmt1lb490042qolqy8y975yv', 'MBD-0010', 'Ishaan', 'Kulkarni', 'ishaan.kulkarni9@gmail.com', '9337170001', '2003-07-10T18:30:00.000Z', 23, 'Female', 'Left', '{"line1":"363, Powai","city":"Mumbai","state":"Maharashtra","pin":"400050"}', '{"name":"Atharv Kulkarni","phone":"9503362241","relation":"Parent"}', 'Instagram', 'mbd-mumbai-hq', '2026-03-16T10:30:14.410Z', '2026-03-16T10:30:14.410Z');
INSERT INTO "Client" ("id", "clientCode", "firstName", "lastName", "email", "phone", "dob", "age", "sex", "dominance", "address", "emergencyContact", "referredBy", "centreId", "createdAt", "updatedAt") VALUES ('cmmt1lb4c0044qolqalxlhx3a', 'MBD-0011', 'Ananya', 'Iyer', 'ananya.iyer10@gmail.com', '9440981489', '1968-03-16T18:30:00.000Z', 58, 'Male', 'Right', '{"line1":"256, Versova","city":"Mumbai","state":"Maharashtra","pin":"400090"}', '{"name":"Vivaan Iyer","phone":"9138258701","relation":"Friend"}', 'Friend Referral', 'mbd-mumbai-hq', '2026-03-16T10:30:14.412Z', '2026-03-16T10:30:14.412Z');
INSERT INTO "Client" ("id", "clientCode", "firstName", "lastName", "email", "phone", "dob", "age", "sex", "dominance", "address", "emergencyContact", "referredBy", "centreId", "createdAt", "updatedAt") VALUES ('cmmt1lb4f0046qolqhpaqh1z4', 'MBD-0012', 'Diya', 'Nair', 'diya.nair11@gmail.com', '9277895393', '1973-05-11T18:30:00.000Z', 53, 'Female', 'Right', '{"line1":"174, Juhu","city":"Mumbai","state":"Maharashtra","pin":"400045"}', '{"name":"Pooja Nair","phone":"9711169779","relation":"Parent"}', 'Friend Referral', 'mbd-mumbai-hq', '2026-03-16T10:30:14.415Z', '2026-03-16T10:30:14.415Z');
INSERT INTO "Client" ("id", "clientCode", "firstName", "lastName", "email", "phone", "dob", "age", "sex", "dominance", "address", "emergencyContact", "referredBy", "centreId", "createdAt", "updatedAt") VALUES ('cmmt1lb4g0048qolqxymdgw1v', 'MBD-0013', 'Myra', 'Reddy', 'myra.reddy12@gmail.com', '9160615325', '1986-05-15T18:30:00.000Z', 40, 'Male', 'Right', '{"line1":"300, Dadar","city":"Mumbai","state":"Maharashtra","pin":"400072"}', '{"name":"Arnav Reddy","phone":"9611989234","relation":"Sibling"}', 'Instagram', 'mbd-mumbai-hq', '2026-03-16T10:30:14.416Z', '2026-03-16T10:30:14.416Z');
INSERT INTO "Client" ("id", "clientCode", "firstName", "lastName", "email", "phone", "dob", "age", "sex", "dominance", "address", "emergencyContact", "referredBy", "centreId", "createdAt", "updatedAt") VALUES ('cmmt1lb4h004aqolqmv5u0ztt', 'MBD-0014', 'Sara', 'Shetty', 'sara.shetty13@gmail.com', '9499144805', '1992-05-02T18:30:00.000Z', 34, 'Female', 'Right', '{"line1":"338, Powai","city":"Mumbai","state":"Maharashtra","pin":"400061"}', '{"name":"Rohan Shetty","phone":"9667380947","relation":"Friend"}', NULL, 'mbd-mumbai-hq', '2026-03-16T10:30:14.418Z', '2026-03-16T10:30:14.418Z');
INSERT INTO "Client" ("id", "clientCode", "firstName", "lastName", "email", "phone", "dob", "age", "sex", "dominance", "address", "emergencyContact", "referredBy", "centreId", "createdAt", "updatedAt") VALUES ('cmmt1lb4i004cqolqju0t1oqm', 'MBD-0015', 'Aanya', 'Chopra', 'aanya.chopra14@gmail.com', '9625194923', '1964-03-22T18:30:00.000Z', 62, 'Male', 'Right', '{"line1":"289, Malad West","city":"Mumbai","state":"Maharashtra","pin":"400089"}', '{"name":"Isha Chopra","phone":"9656002673","relation":"Sibling"}', 'Instagram', 'mbd-mumbai-hq', '2026-03-16T10:30:14.419Z', '2026-03-16T10:30:14.419Z');
INSERT INTO "Client" ("id", "clientCode", "firstName", "lastName", "email", "phone", "dob", "age", "sex", "dominance", "address", "emergencyContact", "referredBy", "centreId", "createdAt", "updatedAt") VALUES ('cmmt1lb4j004eqolqd4y4qeaj', 'MBD-0016', 'Aadhya', 'Verma', 'aadhya.verma15@gmail.com', '9582905649', '1954-03-07T18:30:00.000Z', 72, 'Female', 'Left', '{"line1":"69, Dadar","city":"Mumbai","state":"Maharashtra","pin":"400088"}', '{"name":"Kabir Verma","phone":"9142716581","relation":"Sibling"}', 'Friend Referral', 'mbd-mumbai-hq', '2026-03-16T10:30:14.420Z', '2026-03-16T10:30:14.420Z');
INSERT INTO "Client" ("id", "clientCode", "firstName", "lastName", "email", "phone", "dob", "age", "sex", "dominance", "address", "emergencyContact", "referredBy", "centreId", "createdAt", "updatedAt") VALUES ('cmmt1lb4l004gqolq6kclwyhl', 'MBD-0017', 'Ira', 'Singhania', 'ira.singhania16@gmail.com', '9308605933', '1977-05-11T18:30:00.000Z', 49, 'Male', 'Left', '{"line1":"23, Powai","city":"Mumbai","state":"Maharashtra","pin":"400081"}', '{"name":"Meera Singhania","phone":"9853688166","relation":"Parent"}', 'Website', 'mbd-mumbai-hq', '2026-03-16T10:30:14.421Z', '2026-03-16T10:30:14.421Z');
INSERT INTO "Client" ("id", "clientCode", "firstName", "lastName", "email", "phone", "dob", "age", "sex", "dominance", "address", "emergencyContact", "referredBy", "centreId", "createdAt", "updatedAt") VALUES ('cmmt1lb4m004iqolqepw4h89q', 'MBD-0018', 'Ahana', 'Khanna', 'ahana.khanna17@gmail.com', '9984882553', '1977-08-09T18:30:00.000Z', 49, 'Female', 'Left', '{"line1":"154, Andheri West","city":"Mumbai","state":"Maharashtra","pin":"400094"}', '{"name":"Vihaan Khanna","phone":"9805709594","relation":"Friend"}', NULL, 'mbd-mumbai-hq', '2026-03-16T10:30:14.422Z', '2026-03-16T10:30:14.422Z');
INSERT INTO "Client" ("id", "clientCode", "firstName", "lastName", "email", "phone", "dob", "age", "sex", "dominance", "address", "emergencyContact", "referredBy", "centreId", "createdAt", "updatedAt") VALUES ('cmmt1lb4n004kqolqvxmfpewp', 'MBD-0019', 'Prisha', 'Rao', 'prisha.rao18@gmail.com', '9812474750', '1990-11-25T18:30:00.000Z', 36, 'Male', 'Right', '{"line1":"307, Andheri West","city":"Mumbai","state":"Maharashtra","pin":"400044"}', '{"name":"Myra Rao","phone":"9201071014","relation":"Sibling"}', NULL, 'mbd-mumbai-hq', '2026-03-16T10:30:14.424Z', '2026-03-16T10:30:14.424Z');
INSERT INTO "Client" ("id", "clientCode", "firstName", "lastName", "email", "phone", "dob", "age", "sex", "dominance", "address", "emergencyContact", "referredBy", "centreId", "createdAt", "updatedAt") VALUES ('cmmt1lb4o004mqolqp03wmxxj', 'MBD-0020', 'Kiara', 'Jain', 'kiara.jain19@gmail.com', '9801752300', '1955-06-06T18:30:00.000Z', 71, 'Female', 'Right', '{"line1":"241, Goregaon","city":"Mumbai","state":"Maharashtra","pin":"400019"}', '{"name":"Tanmay Jain","phone":"9710852206","relation":"Friend"}', 'Walk-in', 'mbd-mumbai-hq', '2026-03-16T10:30:14.425Z', '2026-03-16T10:30:14.425Z');
INSERT INTO "Client" ("id", "clientCode", "firstName", "lastName", "email", "phone", "dob", "age", "sex", "dominance", "address", "emergencyContact", "referredBy", "centreId", "createdAt", "updatedAt") VALUES ('cmmt1lb4p004oqolq8k8aut4n', 'MBD-0021', 'Rohan', 'Sharma', 'rohan.sharma20@gmail.com', '9424221895', '2001-03-13T18:30:00.000Z', 25, 'Female', 'Left', '{"line1":"203, Goregaon","city":"Mumbai","state":"Maharashtra","pin":"400061"}', '{"name":"Prisha Sharma","phone":"9540761033","relation":"Sibling"}', 'Doctor Referral', 'mbd-mumbai-hq', '2026-03-16T10:30:14.426Z', '2026-03-16T10:30:14.426Z');
INSERT INTO "Client" ("id", "clientCode", "firstName", "lastName", "email", "phone", "dob", "age", "sex", "dominance", "address", "emergencyContact", "referredBy", "centreId", "createdAt", "updatedAt") VALUES ('cmmt1lb4r004qqolq0ftv472c', 'MBD-0022', 'Kabir', 'Patel', 'kabir.patel21@gmail.com', '9710114262', '1993-12-14T18:30:00.000Z', 33, 'Female', 'Left', '{"line1":"51, Worli","city":"Mumbai","state":"Maharashtra","pin":"400020"}', '{"name":"Myra Patel","phone":"9639451874","relation":"Sibling"}', 'Google', 'mbd-mumbai-hq', '2026-03-16T10:30:14.427Z', '2026-03-16T10:30:14.427Z');
INSERT INTO "Client" ("id", "clientCode", "firstName", "lastName", "email", "phone", "dob", "age", "sex", "dominance", "address", "emergencyContact", "referredBy", "centreId", "createdAt", "updatedAt") VALUES ('cmmt1lb4s004sqolqn2kj45tc', 'MBD-0023', 'Shaurya', 'Mehta', 'shaurya.mehta22@gmail.com', '9576313843', '1969-12-19T18:30:00.000Z', 57, 'Female', 'Left', '{"line1":"478, Powai","city":"Mumbai","state":"Maharashtra","pin":"400020"}', '{"name":"Kabir Mehta","phone":"9704411883","relation":"Sibling"}', 'Instagram', 'mbd-mumbai-hq', '2026-03-16T10:30:14.429Z', '2026-03-16T10:30:14.429Z');
INSERT INTO "Client" ("id", "clientCode", "firstName", "lastName", "email", "phone", "dob", "age", "sex", "dominance", "address", "emergencyContact", "referredBy", "centreId", "createdAt", "updatedAt") VALUES ('cmmt1lb4t004uqolqntu4w177', 'MBD-0024', 'Atharv', 'Shah', 'atharv.shah23@gmail.com', '9192422110', '1979-12-11T18:30:00.000Z', 47, 'Male', 'Right', '{"line1":"232, Versova","city":"Mumbai","state":"Maharashtra","pin":"400031"}', '{"name":"Rishi Shah","phone":"9275882295","relation":"Spouse"}', 'Website', 'mbd-mumbai-hq', '2026-03-16T10:30:14.430Z', '2026-03-16T10:30:14.430Z');
INSERT INTO "Client" ("id", "clientCode", "firstName", "lastName", "email", "phone", "dob", "age", "sex", "dominance", "address", "emergencyContact", "referredBy", "centreId", "createdAt", "updatedAt") VALUES ('cmmt1lb4u004wqolqr3blxn81', 'MBD-0025', 'Advait', 'Desai', 'advait.desai24@gmail.com', '9446412037', '1993-09-25T18:30:00.000Z', 33, 'Male', 'Right', '{"line1":"429, Dadar","city":"Mumbai","state":"Maharashtra","pin":"400025"}', '{"name":"Ananya Desai","phone":"9189765607","relation":"Friend"}', 'Doctor Referral', 'mbd-mumbai-hq', '2026-03-16T10:30:14.431Z', '2026-03-16T10:30:14.431Z');

-- ─── INTAKEFORM (25 rows) ───
INSERT INTO "IntakeForm" ("id", "selectedServices", "formData", "consentSigned", "liabilityWaiverSigned", "commercialTermsAccepted", "cancellationPolicyAcknowledged", "assignedTo", "assignedBy", "frontOfficeExec", "clientId", "createdAt") VALUES ('cmmt1lb4w004yqolq8j6qdlb0', '["Sports / Deep Tissue Massage Home Visit (30 min)","Rehabilitation with Cupping (Senior Physiotherapist)"]', '{"occupation":"Retired","activityLevel":"Very Active","goals":"Pain relief and return to daily activities"}', true, true, true, true, 'Disha Chandan', 'Front Office', 'Front Office', 'cmmt1lb3w003kqolqmlz6s6d4', '2026-03-16T10:30:14.433Z');
INSERT INTO "IntakeForm" ("id", "selectedServices", "formData", "consentSigned", "liabilityWaiverSigned", "commercialTermsAccepted", "cancellationPolicyAcknowledged", "assignedTo", "assignedBy", "frontOfficeExec", "clientId", "createdAt") VALUES ('cmmt1lb4y0050qolqw1xx60dx', '["Follow up Nutrition Session (Associate Nutritionist)","Physiotherapy Home Visit (Head Physiotherapist)"]', '{"occupation":"Teacher","activityLevel":"Very Active","goals":"Sports performance improvement"}', true, true, true, true, 'Sheetal Somaiya', 'Front Office', 'Front Office', 'cmmt1lb3y003mqolqyd682odo', '2026-03-16T10:30:14.434Z');
INSERT INTO "IntakeForm" ("id", "selectedServices", "formData", "consentSigned", "liabilityWaiverSigned", "commercialTermsAccepted", "cancellationPolicyAcknowledged", "assignedTo", "assignedBy", "frontOfficeExec", "clientId", "createdAt") VALUES ('cmmt1lb4z0052qolqbe4ljjwt', '["Physiotherapy Home Visit (Senior Physiotherapist)","Therapeutic Ultrasound"]', '{"occupation":"Homemaker","activityLevel":"Sedentary","goals":"Weight management and fitness"}', true, true, true, true, 'Shivli Malani', 'Front Office', 'Front Office', 'cmmt1lb3z003oqolq0d48kivs', '2026-03-16T10:30:14.435Z');
INSERT INTO "IntakeForm" ("id", "selectedServices", "formData", "consentSigned", "liabilityWaiverSigned", "commercialTermsAccepted", "cancellationPolicyAcknowledged", "assignedTo", "assignedBy", "frontOfficeExec", "clientId", "createdAt") VALUES ('cmmt1lb500054qolqb2jnt2e7', '["Cupping (Senior Physiotherapist)","Strength & Conditioning"]', '{"occupation":"Homemaker","activityLevel":"Sedentary","goals":"Post-surgery rehabilitation"}', true, true, true, true, 'Yasir Zahid', 'Front Office', 'Front Office', 'cmmt1lb40003qqolq1y7erw4w', '2026-03-16T10:30:14.437Z');
INSERT INTO "IntakeForm" ("id", "selectedServices", "formData", "consentSigned", "liabilityWaiverSigned", "commercialTermsAccepted", "cancellationPolicyAcknowledged", "assignedTo", "assignedBy", "frontOfficeExec", "clientId", "createdAt") VALUES ('cmmt1lb520056qolqo6tcb5we', '["Integrated Counselling Home Visit","Strength & Conditioning"]', '{"occupation":"Doctor","activityLevel":"Lightly Active","goals":"Post-surgery rehabilitation"}', true, true, true, true, 'Sheetal Somaiya', 'Front Office', 'Front Office', 'cmmt1lb42003sqolq13ohfsma', '2026-03-16T10:30:14.438Z');
INSERT INTO "IntakeForm" ("id", "selectedServices", "formData", "consentSigned", "liabilityWaiverSigned", "commercialTermsAccepted", "cancellationPolicyAcknowledged", "assignedTo", "assignedBy", "frontOfficeExec", "clientId", "createdAt") VALUES ('cmmt1lb530058qolqzl30jupg', '["Emotional Healing & Behavioural Change Counselling","Follow up Nutrition Session (Associate Nutritionist)"]', '{"occupation":"IT Professional","activityLevel":"Moderately Active","goals":"Weight management and fitness"}', true, true, true, true, 'Rajal Shah', 'Front Office', 'Front Office', 'cmmt1lb43003uqolqdj1vbjuh', '2026-03-16T10:30:14.440Z');
INSERT INTO "IntakeForm" ("id", "selectedServices", "formData", "consentSigned", "liabilityWaiverSigned", "commercialTermsAccepted", "cancellationPolicyAcknowledged", "assignedTo", "assignedBy", "frontOfficeExec", "clientId", "createdAt") VALUES ('cmmt1lb54005aqolq60fbzaaf', '["Rehabilitation with Cupping (Senior Physiotherapist)","Physiotherapy Consultation & Session (Senior Physiotherapist)"]', '{"occupation":"Athlete","activityLevel":"Sedentary","goals":"Stress management and overall wellness"}', true, true, true, true, 'Dipali Sawant', 'Front Office', 'Front Office', 'cmmt1lb44003wqolqz67bcwna', '2026-03-16T10:30:14.441Z');
INSERT INTO "IntakeForm" ("id", "selectedServices", "formData", "consentSigned", "liabilityWaiverSigned", "commercialTermsAccepted", "cancellationPolicyAcknowledged", "assignedTo", "assignedBy", "frontOfficeExec", "clientId", "createdAt") VALUES ('cmmt1lb55005cqolqophslacc', '["K-Taping / Dry Needling / Therapeutic Ultrasound","Sports / Deep Tissue Massage Home Visit (60 min)"]', '{"occupation":"Homemaker","activityLevel":"Very Active","goals":"Weight management and fitness"}', true, true, true, true, 'Yasir Zahid', 'Front Office', 'Front Office', 'cmmt1lb46003yqolq8hjrmwsl', '2026-03-16T10:30:14.442Z');
INSERT INTO "IntakeForm" ("id", "selectedServices", "formData", "consentSigned", "liabilityWaiverSigned", "commercialTermsAccepted", "cancellationPolicyAcknowledged", "assignedTo", "assignedBy", "frontOfficeExec", "clientId", "createdAt") VALUES ('cmmt1lb56005eqolqlx8kvgue', '["Rehabilitation with Cupping (Head Physiotherapist)","Sports / Deep Tissue Massage Home Visit (90 min)"]', '{"occupation":"Homemaker","activityLevel":"Lightly Active","goals":"Stress management and overall wellness"}', true, true, true, true, 'Sanjay More', 'Front Office', 'Front Office', 'cmmt1lb470040qolqbd9asgqd', '2026-03-16T10:30:14.443Z');
INSERT INTO "IntakeForm" ("id", "selectedServices", "formData", "consentSigned", "liabilityWaiverSigned", "commercialTermsAccepted", "cancellationPolicyAcknowledged", "assignedTo", "assignedBy", "frontOfficeExec", "clientId", "createdAt") VALUES ('cmmt1lb58005gqolqyfjgx3uh', '["Strength & Conditioning","Online Physiotherapy Session (Senior Physiotherapist)"]', '{"occupation":"Athlete","activityLevel":"Lightly Active","goals":"Pain relief and return to daily activities"}', true, true, true, true, 'Deepa Mourya', 'Front Office', 'Front Office', 'cmmt1lb490042qolqy8y975yv', '2026-03-16T10:30:14.444Z');
INSERT INTO "IntakeForm" ("id", "selectedServices", "formData", "consentSigned", "liabilityWaiverSigned", "commercialTermsAccepted", "cancellationPolicyAcknowledged", "assignedTo", "assignedBy", "frontOfficeExec", "clientId", "createdAt") VALUES ('cmmt1lb5b005iqolqqyzr1nkg', '["Rehabilitation with Cupping (Senior Physiotherapist)","Physiotherapy Consultation & Session (Senior Physiotherapist)"]', '{"occupation":"Teacher","activityLevel":"Very Active","goals":"Post-surgery rehabilitation"}', true, true, true, true, 'Shruti Vibhakar', 'Front Office', 'Front Office', 'cmmt1lb4c0044qolqalxlhx3a', '2026-03-16T10:30:14.447Z');
INSERT INTO "IntakeForm" ("id", "selectedServices", "formData", "consentSigned", "liabilityWaiverSigned", "commercialTermsAccepted", "cancellationPolicyAcknowledged", "assignedTo", "assignedBy", "frontOfficeExec", "clientId", "createdAt") VALUES ('cmmt1lb5f005kqolqzwjo4xiq', '["Rehabilitation with Cupping (Senior Physiotherapist)","Rehabilitation Session (Head Physiotherapist)"]', '{"occupation":"Doctor","activityLevel":"Very Active","goals":"Post-surgery rehabilitation"}', true, true, true, true, 'Sanya Jain', 'Front Office', 'Front Office', 'cmmt1lb4f0046qolqhpaqh1z4', '2026-03-16T10:30:14.451Z');
INSERT INTO "IntakeForm" ("id", "selectedServices", "formData", "consentSigned", "liabilityWaiverSigned", "commercialTermsAccepted", "cancellationPolicyAcknowledged", "assignedTo", "assignedBy", "frontOfficeExec", "clientId", "createdAt") VALUES ('cmmt1lb5i005mqolqv1cikctc', '["Integrated Counselling Home Visit","Follow up Nutrition Session (Associate Nutritionist)"]', '{"occupation":"Teacher","activityLevel":"Sedentary","goals":"Weight management and fitness"}', true, true, true, true, 'Sanya Jain', 'Front Office', 'Front Office', 'cmmt1lb4g0048qolqxymdgw1v', '2026-03-16T10:30:14.454Z');
INSERT INTO "IntakeForm" ("id", "selectedServices", "formData", "consentSigned", "liabilityWaiverSigned", "commercialTermsAccepted", "cancellationPolicyAcknowledged", "assignedTo", "assignedBy", "frontOfficeExec", "clientId", "createdAt") VALUES ('cmmt1lb5j005oqolq1lh5tixe', '["Rehabilitation with Cupping (Head Physiotherapist)","Nutrition Consultation (Associate Nutritionist)"]', '{"occupation":"Retired","activityLevel":"Lightly Active","goals":"Stress management and overall wellness"}', true, true, true, true, 'Devanshi Vira', 'Front Office', 'Front Office', 'cmmt1lb4h004aqolqmv5u0ztt', '2026-03-16T10:30:14.455Z');
INSERT INTO "IntakeForm" ("id", "selectedServices", "formData", "consentSigned", "liabilityWaiverSigned", "commercialTermsAccepted", "cancellationPolicyAcknowledged", "assignedTo", "assignedBy", "frontOfficeExec", "clientId", "createdAt") VALUES ('cmmt1lb5k005qqolqh93rxjey', '["Nutrition Consultation (Senior Nutritionist)","Group Yoga (Trio)"]', '{"occupation":"Retired","activityLevel":"Sedentary","goals":"Sports performance improvement"}', true, true, true, true, 'Devanshi Vira', 'Front Office', 'Front Office', 'cmmt1lb4i004cqolqju0t1oqm', '2026-03-16T10:30:14.456Z');
INSERT INTO "IntakeForm" ("id", "selectedServices", "formData", "consentSigned", "liabilityWaiverSigned", "commercialTermsAccepted", "cancellationPolicyAcknowledged", "assignedTo", "assignedBy", "frontOfficeExec", "clientId", "createdAt") VALUES ('cmmt1lb5s005sqolq8upfj81s', '["Rehabilitation with Cupping (Senior Physiotherapist)","Wellness Yoga (with Sound Bath & Breathwork)"]', '{"occupation":"Teacher","activityLevel":"Moderately Active","goals":"Weight management and fitness"}', true, true, true, true, 'Aanchal Sharma', 'Front Office', 'Front Office', 'cmmt1lb4j004eqolqd4y4qeaj', '2026-03-16T10:30:14.465Z');
INSERT INTO "IntakeForm" ("id", "selectedServices", "formData", "consentSigned", "liabilityWaiverSigned", "commercialTermsAccepted", "cancellationPolicyAcknowledged", "assignedTo", "assignedBy", "frontOfficeExec", "clientId", "createdAt") VALUES ('cmmt1lb5z005uqolq39fsgbgq', '["Physiotherapy Session (Senior Physiotherapist)","Physiotherapy Consultation & Session (Senior Physiotherapist)"]', '{"occupation":"Doctor","activityLevel":"Very Active","goals":"Post-surgery rehabilitation"}', true, true, true, true, 'Harshali Karkare', 'Front Office', 'Front Office', 'cmmt1lb4l004gqolq6kclwyhl', '2026-03-16T10:30:14.471Z');
INSERT INTO "IntakeForm" ("id", "selectedServices", "formData", "consentSigned", "liabilityWaiverSigned", "commercialTermsAccepted", "cancellationPolicyAcknowledged", "assignedTo", "assignedBy", "frontOfficeExec", "clientId", "createdAt") VALUES ('cmmt1lb62005wqolqaho7lamc', '["Follow up Nutrition Session (Senior Nutritionist)","Sports / Deep Tissue Massage (60 min)"]', '{"occupation":"IT Professional","activityLevel":"Moderately Active","goals":"Pain relief and return to daily activities"}', true, true, true, true, 'Shivli Malani', 'Front Office', 'Front Office', 'cmmt1lb4m004iqolqepw4h89q', '2026-03-16T10:30:14.474Z');
INSERT INTO "IntakeForm" ("id", "selectedServices", "formData", "consentSigned", "liabilityWaiverSigned", "commercialTermsAccepted", "cancellationPolicyAcknowledged", "assignedTo", "assignedBy", "frontOfficeExec", "clientId", "createdAt") VALUES ('cmmt1lb67005yqolqd2s6emv9', '["Sports / Deep Tissue Massage (60 min)","Wellness Yoga (with Sound Bath & Breathwork)"]', '{"occupation":"Homemaker","activityLevel":"Very Active","goals":"Weight management and fitness"}', true, true, true, true, 'Danesh Doctor', 'Front Office', 'Front Office', 'cmmt1lb4n004kqolqvxmfpewp', '2026-03-16T10:30:14.480Z');
INSERT INTO "IntakeForm" ("id", "selectedServices", "formData", "consentSigned", "liabilityWaiverSigned", "commercialTermsAccepted", "cancellationPolicyAcknowledged", "assignedTo", "assignedBy", "frontOfficeExec", "clientId", "createdAt") VALUES ('cmmt1lb690060qolqrrpfe3jl', '["Physiotherapy Consultation & Session (Head Physiotherapist)","Physiotherapy Session (Head Physiotherapist)"]', '{"occupation":"Student","activityLevel":"Moderately Active","goals":"Weight management and fitness"}', true, true, true, true, 'Shivli Malani', 'Front Office', 'Front Office', 'cmmt1lb4o004mqolqp03wmxxj', '2026-03-16T10:30:14.482Z');
INSERT INTO "IntakeForm" ("id", "selectedServices", "formData", "consentSigned", "liabilityWaiverSigned", "commercialTermsAccepted", "cancellationPolicyAcknowledged", "assignedTo", "assignedBy", "frontOfficeExec", "clientId", "createdAt") VALUES ('cmmt1lb6a0062qolqzazuceoi', '["K-Taping","Sports / Deep Tissue Massage (60 min)"]', '{"occupation":"Teacher","activityLevel":"Very Active","goals":"Post-surgery rehabilitation"}', true, true, true, true, 'Sheetal Somaiya', 'Front Office', 'Front Office', 'cmmt1lb4p004oqolq8k8aut4n', '2026-03-16T10:30:14.483Z');
INSERT INTO "IntakeForm" ("id", "selectedServices", "formData", "consentSigned", "liabilityWaiverSigned", "commercialTermsAccepted", "cancellationPolicyAcknowledged", "assignedTo", "assignedBy", "frontOfficeExec", "clientId", "createdAt") VALUES ('cmmt1lb6b0064qolqxho4sd8h', '["Rehabilitation with Cupping (Senior Physiotherapist)","Nutrition Consultation (Associate Nutritionist)"]', '{"occupation":"Student","activityLevel":"Moderately Active","goals":"Sports performance improvement"}', true, true, true, true, 'Tasneem Ansari', 'Front Office', 'Front Office', 'cmmt1lb4r004qqolq0ftv472c', '2026-03-16T10:30:14.484Z');
INSERT INTO "IntakeForm" ("id", "selectedServices", "formData", "consentSigned", "liabilityWaiverSigned", "commercialTermsAccepted", "cancellationPolicyAcknowledged", "assignedTo", "assignedBy", "frontOfficeExec", "clientId", "createdAt") VALUES ('cmmt1lb6e0066qolqhs6eaqhf', '["Sports / Deep Tissue Massage Home Visit (90 min)","Physiotherapy Consultation & Session (Head Physiotherapist)"]', '{"occupation":"Doctor","activityLevel":"Moderately Active","goals":"Post-surgery rehabilitation"}', true, true, true, true, 'Shruti Vibhakar', 'Front Office', 'Front Office', 'cmmt1lb4s004sqolqn2kj45tc', '2026-03-16T10:30:14.486Z');
INSERT INTO "IntakeForm" ("id", "selectedServices", "formData", "consentSigned", "liabilityWaiverSigned", "commercialTermsAccepted", "cancellationPolicyAcknowledged", "assignedTo", "assignedBy", "frontOfficeExec", "clientId", "createdAt") VALUES ('cmmt1lb6f0068qolqrhr9yrdv', '["Group Yoga (Duo)","Online Physiotherapy Session (Senior Physiotherapist)"]', '{"occupation":"Business Owner","activityLevel":"Moderately Active","goals":"Pain relief and return to daily activities"}', true, true, true, true, 'Deepa Mourya', 'Front Office', 'Front Office', 'cmmt1lb4t004uqolqntu4w177', '2026-03-16T10:30:14.487Z');
INSERT INTO "IntakeForm" ("id", "selectedServices", "formData", "consentSigned", "liabilityWaiverSigned", "commercialTermsAccepted", "cancellationPolicyAcknowledged", "assignedTo", "assignedBy", "frontOfficeExec", "clientId", "createdAt") VALUES ('cmmt1lb6i006aqolqp0jvllmi', '["Yoga & Sound Bath","Physiotherapy Session (Head Physiotherapist)"]', '{"occupation":"IT Professional","activityLevel":"Sedentary","goals":"Weight management and fitness"}', true, true, true, true, 'Prerna Chhugani', 'Front Office', 'Front Office', 'cmmt1lb4u004wqolqr3blxn81', '2026-03-16T10:30:14.490Z');

-- ─── MEDICALHISTORY (25 rows) ───
INSERT INTO "MedicalHistory" ("id", "vitals", "comorbidities", "knownAllergies", "chiefComplaints", "pastMedicalHistory", "pastSurgicalHistory", "familyHistory", "personalHistory", "diagnosis", "currentMedications", "planOfCare", "followUp", "clientId", "serviceId", "createdAt") VALUES ('cmmt1lb6v006cqolqhpdnpb85', '{"weight":"79 kg","height":"174 cm","bmi":"25.6","pulse":"77 bpm","spo2":"97%","bp":"109/81 mmHg"}', '{"DM":false,"HTN":false,"CAD":false,"PCOS":false,"thyroid":false,"other":"Asthma"}', 'Penicillin', 'Chronic lower back pain radiating to the left leg', 'No significant past medical history', 'Appendectomy 2019', 'Mother - Thyroid, Father - CAD', '{"sleep":"7-8 hours","diet":"Non-vegetarian","bowel":"Regular","others":"Ex-smoker, non-alcoholic"}', 'Generalised anxiety disorder', 'Calcium + Vitamin D', 'VMO strengthening, patellar taping, activity modification', '1 month', 'cmmt1lb3w003kqolqmlz6s6d4', 'cmmt1laxq0014qolqa2lzkg7y', '2026-03-16T10:30:14.503Z');
INSERT INTO "MedicalHistory" ("id", "vitals", "comorbidities", "knownAllergies", "chiefComplaints", "pastMedicalHistory", "pastSurgicalHistory", "familyHistory", "personalHistory", "diagnosis", "currentMedications", "planOfCare", "followUp", "clientId", "serviceId", "createdAt") VALUES ('cmmt1lb6w006eqolqqk3if1os', '{"weight":"77 kg","height":"184 cm","bmi":"24.9","pulse":"74 bpm","spo2":"96%","bp":"114/64 mmHg"}', '{"DM":true,"HTN":false,"CAD":true,"PCOS":false,"thyroid":false,"other":null}', 'None', 'Right shoulder impingement, difficulty raising arm above head', 'Dengue fever 2022, fully recovered', 'Arthroscopic knee surgery 2023', 'No significant family history', '{"sleep":"7-8 hours","diet":"Vegan","bowel":"Regular","others":"Non-smoker, non-alcoholic"}', 'Upper crossed syndrome', 'None', 'Manual therapy + core stabilisation exercises, 3x/week for 6 weeks', '1 month', 'cmmt1lb3y003mqolqyd682odo', 'cmmt1laxg000iqolqlnwuvzge', '2026-03-16T10:30:14.505Z');
INSERT INTO "MedicalHistory" ("id", "vitals", "comorbidities", "knownAllergies", "chiefComplaints", "pastMedicalHistory", "pastSurgicalHistory", "familyHistory", "personalHistory", "diagnosis", "currentMedications", "planOfCare", "followUp", "clientId", "serviceId", "createdAt") VALUES ('cmmt1lb6y006gqolq2667gcpp', '{"weight":"96 kg","height":"187 cm","bmi":"32.3","pulse":"61 bpm","spo2":"100%","bp":"131/86 mmHg"}', '{"DM":false,"HTN":false,"CAD":false,"PCOS":false,"thyroid":false,"other":null}', 'Penicillin', 'Postural correction for IT professional', 'Appendectomy 2019', 'Appendectomy 2019', 'Mother - Thyroid, Father - CAD', '{"sleep":"5-6 hours, disturbed","diet":"Vegan","bowel":"Regular","others":"Non-smoker, non-alcoholic"}', 'Rotator cuff tendinopathy', 'Calcium + Vitamin D', 'Rotator cuff strengthening protocol, progressive loading over 8 weeks', '1 month', 'cmmt1lb3z003oqolq0d48kivs', 'cmmt1lay7001sqolqodamauy1', '2026-03-16T10:30:14.506Z');
INSERT INTO "MedicalHistory" ("id", "vitals", "comorbidities", "knownAllergies", "chiefComplaints", "pastMedicalHistory", "pastSurgicalHistory", "familyHistory", "personalHistory", "diagnosis", "currentMedications", "planOfCare", "followUp", "clientId", "serviceId", "createdAt") VALUES ('cmmt1lb70006iqolq2vds33ww', '{"weight":"68 kg","height":"170 cm","bmi":"23.7","pulse":"76 bpm","spo2":"98%","bp":"122/86 mmHg"}', '{"DM":false,"HTN":true,"CAD":false,"PCOS":false,"thyroid":false,"other":null}', 'NSAIDs', 'Post-operative total hip replacement rehabilitation', 'Childhood asthma, resolved', 'C-section 2021', 'No significant family history', '{"sleep":"7-8 hours","diet":"Eggetarian","bowel":"Regular","others":"Non-smoker, occasional alcohol"}', 'Forward head posture with thoracic kyphosis', 'Calcium + Vitamin D', 'Manual therapy + core stabilisation exercises, 3x/week for 6 weeks', '1 month', 'cmmt1lb40003qqolq1y7erw4w', 'cmmt1layg002cqolqkc4f3vqv', '2026-03-16T10:30:14.509Z');
INSERT INTO "MedicalHistory" ("id", "vitals", "comorbidities", "knownAllergies", "chiefComplaints", "pastMedicalHistory", "pastSurgicalHistory", "familyHistory", "personalHistory", "diagnosis", "currentMedications", "planOfCare", "followUp", "clientId", "serviceId", "createdAt") VALUES ('cmmt1lb75006kqolqvswpynby', '{"weight":"96 kg","height":"159 cm","bmi":"31.7","pulse":"86 bpm","spo2":"95%","bp":"140/88 mmHg"}', '{"DM":false,"HTN":false,"CAD":false,"PCOS":false,"thyroid":false,"other":null}', 'Penicillin', 'Neck stiffness with cervicogenic headaches', 'Dengue fever 2022, fully recovered', 'None', 'Father - DM, Sister - PCOS', '{"sleep":"7-8 hours","diet":"Vegetarian","bowel":"Regular","others":"Ex-smoker, non-alcoholic"}', 'Lateral epicondylitis', 'None', 'Caloric deficit plan 1800 kcal + macro tracking + biweekly follow-up', '3 weeks', 'cmmt1lb42003sqolq13ohfsma', 'cmmt1lay7001qqolq44c3idlu', '2026-03-16T10:30:14.514Z');
INSERT INTO "MedicalHistory" ("id", "vitals", "comorbidities", "knownAllergies", "chiefComplaints", "pastMedicalHistory", "pastSurgicalHistory", "familyHistory", "personalHistory", "diagnosis", "currentMedications", "planOfCare", "followUp", "clientId", "serviceId", "createdAt") VALUES ('cmmt1lb79006mqolqxo0xun1j', '{"weight":"71 kg","height":"154 cm","bmi":"25.6","pulse":"86 bpm","spo2":"99%","bp":"139/82 mmHg"}', '{"DM":true,"HTN":true,"CAD":false,"PCOS":false,"thyroid":true,"other":null}', 'None', 'Sciatica with numbness in right foot', 'Childhood asthma, resolved', 'C-section 2021', 'No significant family history', '{"sleep":"6-7 hours","diet":"Non-vegetarian","bowel":"Regular","others":"Non-smoker, non-alcoholic"}', 'Upper crossed syndrome', 'Metformin 500mg BD', 'Chin tucks + thoracic extensions + desk ergonomic setup', '2 weeks', 'cmmt1lb43003uqolqdj1vbjuh', 'cmmt1laxf000gqolq52fc4azj', '2026-03-16T10:30:14.518Z');
INSERT INTO "MedicalHistory" ("id", "vitals", "comorbidities", "knownAllergies", "chiefComplaints", "pastMedicalHistory", "pastSurgicalHistory", "familyHistory", "personalHistory", "diagnosis", "currentMedications", "planOfCare", "followUp", "clientId", "serviceId", "createdAt") VALUES ('cmmt1lb7e006oqolq2euwdva6', '{"weight":"63 kg","height":"171 cm","bmi":"30.8","pulse":"91 bpm","spo2":"99%","bp":"132/84 mmHg"}', '{"DM":false,"HTN":false,"CAD":false,"PCOS":false,"thyroid":false,"other":null}', 'None', 'Bilateral knee pain on stair climbing', 'Dengue fever 2022, fully recovered', 'None', 'No significant family history', '{"sleep":"5-6 hours, disturbed","diet":"Vegetarian","bowel":"Regular","others":"Ex-smoker, non-alcoholic"}', 'Lateral epicondylitis', 'None', 'Codman''s pendulum, wall walks, passive stretching under heat', '3 weeks', 'cmmt1lb44003wqolqz67bcwna', 'cmmt1lay4001mqolqr0ajh6lz', '2026-03-16T10:30:14.523Z');
INSERT INTO "MedicalHistory" ("id", "vitals", "comorbidities", "knownAllergies", "chiefComplaints", "pastMedicalHistory", "pastSurgicalHistory", "familyHistory", "personalHistory", "diagnosis", "currentMedications", "planOfCare", "followUp", "clientId", "serviceId", "createdAt") VALUES ('cmmt1lb7i006qqolq96vtudob', '{"weight":"81 kg","height":"171 cm","bmi":"19.1","pulse":"62 bpm","spo2":"100%","bp":"111/76 mmHg"}', '{"DM":false,"HTN":false,"CAD":false,"PCOS":false,"thyroid":false,"other":null}', 'Sulfa drugs', 'Sports injury - hamstring strain Grade 2', 'Childhood asthma, resolved', 'Arthroscopic knee surgery 2023', 'Father - DM, Sister - PCOS', '{"sleep":"7-8 hours","diet":"Vegetarian","bowel":"Regular","others":"Non-smoker, occasional alcohol"}', 'Obesity Class 1 with insulin resistance', 'Calcium + Vitamin D', 'Chin tucks + thoracic extensions + desk ergonomic setup', '6 weeks', 'cmmt1lb46003yqolq8hjrmwsl', 'cmmt1lay5001oqolqjkyp885q', '2026-03-16T10:30:14.527Z');
INSERT INTO "MedicalHistory" ("id", "vitals", "comorbidities", "knownAllergies", "chiefComplaints", "pastMedicalHistory", "pastSurgicalHistory", "familyHistory", "personalHistory", "diagnosis", "currentMedications", "planOfCare", "followUp", "clientId", "serviceId", "createdAt") VALUES ('cmmt1lb7k006sqolqzbihenjv', '{"weight":"64 kg","height":"160 cm","bmi":"28.5","pulse":"67 bpm","spo2":"95%","bp":"120/60 mmHg"}', '{"DM":false,"HTN":false,"CAD":false,"PCOS":false,"thyroid":false,"other":null}', 'NSAIDs', 'Plantar fasciitis - bilateral, worse in the morning', 'Childhood asthma, resolved', 'ACL reconstruction 2025', 'Mother - Thyroid, Father - CAD', '{"sleep":"6-7 hours","diet":"Vegetarian","bowel":"Regular","others":"Non-smoker, non-alcoholic"}', 'Post-surgical ACL graft healing - phase 2', 'None', 'Calf stretching + arch support + shockwave therapy', '6 weeks', 'cmmt1lb470040qolqbd9asgqd', 'cmmt1lay0001iqolqazdukm48', '2026-03-16T10:30:14.529Z');
INSERT INTO "MedicalHistory" ("id", "vitals", "comorbidities", "knownAllergies", "chiefComplaints", "pastMedicalHistory", "pastSurgicalHistory", "familyHistory", "personalHistory", "diagnosis", "currentMedications", "planOfCare", "followUp", "clientId", "serviceId", "createdAt") VALUES ('cmmt1lb7o006uqolqgqls6l0p', '{"weight":"91 kg","height":"188 cm","bmi":"25.7","pulse":"64 bpm","spo2":"97%","bp":"137/67 mmHg"}', '{"DM":false,"HTN":false,"CAD":false,"PCOS":false,"thyroid":false,"other":null}', 'NSAIDs', 'Neck stiffness with cervicogenic headaches', 'Dengue fever 2022, fully recovered', 'Appendectomy 2019', 'No significant family history', '{"sleep":"6-7 hours","diet":"Vegetarian","bowel":"Regular","others":"Non-smoker, non-alcoholic"}', 'Upper crossed syndrome', 'Metformin 500mg BD', 'Chin tucks + thoracic extensions + desk ergonomic setup', '3 weeks', 'cmmt1lb490042qolqy8y975yv', 'cmmt1layf002aqolqr765jq7e', '2026-03-16T10:30:14.532Z');
INSERT INTO "MedicalHistory" ("id", "vitals", "comorbidities", "knownAllergies", "chiefComplaints", "pastMedicalHistory", "pastSurgicalHistory", "familyHistory", "personalHistory", "diagnosis", "currentMedications", "planOfCare", "followUp", "clientId", "serviceId", "createdAt") VALUES ('cmmt1lb7r006wqolqdqd4zu3e', '{"weight":"107 kg","height":"190 cm","bmi":"19.6","pulse":"71 bpm","spo2":"96%","bp":"115/83 mmHg"}', '{"DM":true,"HTN":false,"CAD":false,"PCOS":false,"thyroid":false,"other":null}', 'None', 'Tennis elbow (lateral epicondylitis) - right side', 'Dengue fever 2022, fully recovered', 'None', 'Mother - Thyroid, Father - CAD', '{"sleep":"7-8 hours","diet":"Vegetarian","bowel":"Regular","others":"Non-smoker, occasional alcohol"}', 'Rotator cuff tendinopathy', 'Metformin 500mg BD', 'Manual therapy + core stabilisation exercises, 3x/week for 6 weeks', '1 month', 'cmmt1lb4c0044qolqalxlhx3a', 'cmmt1laxp0012qolqlnhtc9tg', '2026-03-16T10:30:14.535Z');
INSERT INTO "MedicalHistory" ("id", "vitals", "comorbidities", "knownAllergies", "chiefComplaints", "pastMedicalHistory", "pastSurgicalHistory", "familyHistory", "personalHistory", "diagnosis", "currentMedications", "planOfCare", "followUp", "clientId", "serviceId", "createdAt") VALUES ('cmmt1lb7t006yqolq8wfbbfj5', '{"weight":"85 kg","height":"181 cm","bmi":"18.9","pulse":"72 bpm","spo2":"99%","bp":"127/60 mmHg"}', '{"DM":true,"HTN":false,"CAD":false,"PCOS":true,"thyroid":false,"other":"Asthma"}', 'None', 'Post-operative total hip replacement rehabilitation', 'Childhood asthma, resolved', 'C-section 2021', 'No significant family history', '{"sleep":"6-7 hours","diet":"Vegetarian","bowel":"Regular","others":"Ex-smoker, non-alcoholic"}', 'Adhesive capsulitis Stage 2 (freezing)', 'None', 'Calf stretching + arch support + shockwave therapy', '2 weeks', 'cmmt1lb4f0046qolqhpaqh1z4', 'cmmt1laxu0018qolqauidncog', '2026-03-16T10:30:14.538Z');
INSERT INTO "MedicalHistory" ("id", "vitals", "comorbidities", "knownAllergies", "chiefComplaints", "pastMedicalHistory", "pastSurgicalHistory", "familyHistory", "personalHistory", "diagnosis", "currentMedications", "planOfCare", "followUp", "clientId", "serviceId", "createdAt") VALUES ('cmmt1lb800070qolqmc9iqrxg', '{"weight":"58 kg","height":"178 cm","bmi":"34.4","pulse":"94 bpm","spo2":"95%","bp":"130/71 mmHg"}', '{"DM":false,"HTN":false,"CAD":false,"PCOS":false,"thyroid":false,"other":"Asthma"}', 'NSAIDs', 'Plantar fasciitis - bilateral, worse in the morning', 'No significant past medical history', 'None', 'Father - DM, Sister - PCOS', '{"sleep":"5-6 hours, disturbed","diet":"Eggetarian","bowel":"Regular","others":"Ex-smoker, non-alcoholic"}', 'Post-surgical ACL graft healing - phase 2', 'Calcium + Vitamin D', 'Cervical traction + postural correction + ergonomic advice', '2 weeks', 'cmmt1lb4g0048qolqxymdgw1v', 'cmmt1laxf000gqolq52fc4azj', '2026-03-16T10:30:14.545Z');
INSERT INTO "MedicalHistory" ("id", "vitals", "comorbidities", "knownAllergies", "chiefComplaints", "pastMedicalHistory", "pastSurgicalHistory", "familyHistory", "personalHistory", "diagnosis", "currentMedications", "planOfCare", "followUp", "clientId", "serviceId", "createdAt") VALUES ('cmmt1lb830072qolqgio3e3rh', '{"weight":"99 kg","height":"177 cm","bmi":"21.0","pulse":"65 bpm","spo2":"100%","bp":"119/69 mmHg"}', '{"DM":false,"HTN":false,"CAD":false,"PCOS":false,"thyroid":false,"other":null}', 'None', 'Plantar fasciitis - bilateral, worse in the morning', 'Childhood asthma, resolved', 'C-section 2021', 'Mother - Thyroid, Father - CAD', '{"sleep":"5-6 hours, disturbed","diet":"Non-vegetarian","bowel":"Regular","others":"Non-smoker, non-alcoholic"}', 'Post-surgical ACL graft healing - phase 2', 'None', 'Eccentric hamstring loading + dry needling + gradual return to sport', '3 weeks', 'cmmt1lb4h004aqolqmv5u0ztt', 'cmmt1laxi000mqolq5tgxx6j3', '2026-03-16T10:30:14.548Z');
INSERT INTO "MedicalHistory" ("id", "vitals", "comorbidities", "knownAllergies", "chiefComplaints", "pastMedicalHistory", "pastSurgicalHistory", "familyHistory", "personalHistory", "diagnosis", "currentMedications", "planOfCare", "followUp", "clientId", "serviceId", "createdAt") VALUES ('cmmt1lb860074qolqgy8n0vvu', '{"weight":"57 kg","height":"167 cm","bmi":"19.1","pulse":"71 bpm","spo2":"100%","bp":"134/76 mmHg"}', '{"DM":false,"HTN":false,"CAD":false,"PCOS":false,"thyroid":false,"other":null}', 'None', 'Tennis elbow (lateral epicondylitis) - right side', 'Childhood asthma, resolved', 'ACL reconstruction 2025', 'No significant family history', '{"sleep":"5-6 hours, disturbed","diet":"Vegan","bowel":"Regular","others":"Non-smoker, occasional alcohol"}', 'Lateral epicondylitis', 'Metformin 500mg BD', 'Codman''s pendulum, wall walks, passive stretching under heat', '6 weeks', 'cmmt1lb4i004cqolqju0t1oqm', 'cmmt1laxk000qqolqho4ph8yf', '2026-03-16T10:30:14.551Z');
INSERT INTO "MedicalHistory" ("id", "vitals", "comorbidities", "knownAllergies", "chiefComplaints", "pastMedicalHistory", "pastSurgicalHistory", "familyHistory", "personalHistory", "diagnosis", "currentMedications", "planOfCare", "followUp", "clientId", "serviceId", "createdAt") VALUES ('cmmt1lb8e0076qolq6cwdgnrg', '{"weight":"98 kg","height":"188 cm","bmi":"27.1","pulse":"65 bpm","spo2":"100%","bp":"128/64 mmHg"}', '{"DM":true,"HTN":false,"CAD":false,"PCOS":false,"thyroid":false,"other":null}', 'Sulfa drugs', 'Plantar fasciitis - bilateral, worse in the morning', 'No significant past medical history', 'C-section 2021', 'Mother - Thyroid, Father - CAD', '{"sleep":"6-7 hours","diet":"Non-vegetarian","bowel":"Regular","others":"Ex-smoker, non-alcoholic"}', 'Obesity Class 1 with insulin resistance', 'Multivitamins', 'Thoracic mobilisation + scapular retraction exercises + postural taping', '3 weeks', 'cmmt1lb4j004eqolqd4y4qeaj', 'cmmt1laxf000gqolq52fc4azj', '2026-03-16T10:30:14.559Z');
INSERT INTO "MedicalHistory" ("id", "vitals", "comorbidities", "knownAllergies", "chiefComplaints", "pastMedicalHistory", "pastSurgicalHistory", "familyHistory", "personalHistory", "diagnosis", "currentMedications", "planOfCare", "followUp", "clientId", "serviceId", "createdAt") VALUES ('cmmt1lb8j0078qolqsawk6ub9', '{"weight":"75 kg","height":"168 cm","bmi":"30.4","pulse":"71 bpm","spo2":"100%","bp":"123/81 mmHg"}', '{"DM":false,"HTN":false,"CAD":false,"PCOS":false,"thyroid":false,"other":null}', 'Penicillin', 'Sports injury - hamstring strain Grade 2', 'Appendectomy 2019', 'C-section 2021', 'No significant family history', '{"sleep":"5-6 hours, disturbed","diet":"Eggetarian","bowel":"Regular","others":"Ex-smoker, non-alcoholic"}', 'Upper crossed syndrome', 'Thyronorm 50mcg', 'ACL rehab Phase 2: closed chain exercises, balance training, 4x/week', '1 month', 'cmmt1lb4l004gqolq6kclwyhl', 'cmmt1laxx001cqolq96ce6ig0', '2026-03-16T10:30:14.564Z');
INSERT INTO "MedicalHistory" ("id", "vitals", "comorbidities", "knownAllergies", "chiefComplaints", "pastMedicalHistory", "pastSurgicalHistory", "familyHistory", "personalHistory", "diagnosis", "currentMedications", "planOfCare", "followUp", "clientId", "serviceId", "createdAt") VALUES ('cmmt1lb8m007aqolqkeiebyck', '{"weight":"56 kg","height":"161 cm","bmi":"28.1","pulse":"72 bpm","spo2":"96%","bp":"114/64 mmHg"}', '{"DM":false,"HTN":false,"CAD":false,"PCOS":false,"thyroid":false,"other":null}', 'None', 'Post-operative total hip replacement rehabilitation', 'Type 2 DM since 2020, on Metformin', 'ACL reconstruction 2025', 'Mother - Thyroid, Father - CAD', '{"sleep":"6-7 hours","diet":"Non-vegetarian","bowel":"Regular","others":"Non-smoker, non-alcoholic"}', 'Upper crossed syndrome', 'Thyronorm 50mcg', 'Thoracic mobilisation + scapular retraction exercises + postural taping', '3 weeks', 'cmmt1lb4m004iqolqepw4h89q', 'cmmt1laxq0014qolqa2lzkg7y', '2026-03-16T10:30:14.566Z');
INSERT INTO "MedicalHistory" ("id", "vitals", "comorbidities", "knownAllergies", "chiefComplaints", "pastMedicalHistory", "pastSurgicalHistory", "familyHistory", "personalHistory", "diagnosis", "currentMedications", "planOfCare", "followUp", "clientId", "serviceId", "createdAt") VALUES ('cmmt1lb8p007cqolq523kp88t', '{"weight":"97 kg","height":"158 cm","bmi":"28.9","pulse":"75 bpm","spo2":"100%","bp":"105/86 mmHg"}', '{"DM":true,"HTN":false,"CAD":false,"PCOS":false,"thyroid":false,"other":null}', 'Sulfa drugs', 'Post-operative total hip replacement rehabilitation', 'Type 2 DM since 2020, on Metformin', 'ACL reconstruction 2025', 'Mother - Thyroid, Father - CAD', '{"sleep":"5-6 hours, disturbed","diet":"Non-vegetarian","bowel":"Regular","others":"Non-smoker, occasional alcohol"}', 'Bilateral plantar fasciitis with calcaneal spur', 'Multivitamins', 'Eccentric hamstring loading + dry needling + gradual return to sport', '6 weeks', 'cmmt1lb4n004kqolqvxmfpewp', 'cmmt1laya001yqolq9lq9ormz', '2026-03-16T10:30:14.569Z');
INSERT INTO "MedicalHistory" ("id", "vitals", "comorbidities", "knownAllergies", "chiefComplaints", "pastMedicalHistory", "pastSurgicalHistory", "familyHistory", "personalHistory", "diagnosis", "currentMedications", "planOfCare", "followUp", "clientId", "serviceId", "createdAt") VALUES ('cmmt1lb8r007eqolq1pj3kyc9', '{"weight":"86 kg","height":"154 cm","bmi":"25.8","pulse":"81 bpm","spo2":"95%","bp":"117/73 mmHg"}', '{"DM":false,"HTN":true,"CAD":false,"PCOS":false,"thyroid":false,"other":null}', 'None', 'Thoracic spine stiffness with rounded shoulders', 'Appendectomy 2019', 'None', 'No significant family history', '{"sleep":"7-8 hours","diet":"Vegetarian","bowel":"Regular","others":"Ex-smoker, non-alcoholic"}', 'Lateral epicondylitis', 'Metformin 500mg BD', 'Cervical traction + postural correction + ergonomic advice', '2 weeks', 'cmmt1lb4o004mqolqp03wmxxj', 'cmmt1laxq0014qolqa2lzkg7y', '2026-03-16T10:30:14.571Z');
INSERT INTO "MedicalHistory" ("id", "vitals", "comorbidities", "knownAllergies", "chiefComplaints", "pastMedicalHistory", "pastSurgicalHistory", "familyHistory", "personalHistory", "diagnosis", "currentMedications", "planOfCare", "followUp", "clientId", "serviceId", "createdAt") VALUES ('cmmt1lb8u007gqolqem88rg1t', '{"weight":"82 kg","height":"170 cm","bmi":"33.2","pulse":"68 bpm","spo2":"98%","bp":"120/61 mmHg"}', '{"DM":false,"HTN":true,"CAD":false,"PCOS":true,"thyroid":false,"other":null}', 'None', 'Sports injury - hamstring strain Grade 2', 'Dengue fever 2022, fully recovered', 'ACL reconstruction 2025', 'No significant family history', '{"sleep":"5-6 hours, disturbed","diet":"Vegetarian","bowel":"Regular","others":"Non-smoker, non-alcoholic"}', 'Bilateral patellofemoral syndrome', 'Thyronorm 50mcg', 'Neural flossing + McKenzie extension protocol + core stability', '1 month', 'cmmt1lb4p004oqolq8k8aut4n', 'cmmt1layb0020qolqaqtk0mvf', '2026-03-16T10:30:14.574Z');
INSERT INTO "MedicalHistory" ("id", "vitals", "comorbidities", "knownAllergies", "chiefComplaints", "pastMedicalHistory", "pastSurgicalHistory", "familyHistory", "personalHistory", "diagnosis", "currentMedications", "planOfCare", "followUp", "clientId", "serviceId", "createdAt") VALUES ('cmmt1lb8w007iqolqo5zpwsez', '{"weight":"86 kg","height":"151 cm","bmi":"25.7","pulse":"68 bpm","spo2":"99%","bp":"139/89 mmHg"}', '{"DM":false,"HTN":true,"CAD":false,"PCOS":true,"thyroid":true,"other":null}', 'NSAIDs', 'Chronic lower back pain radiating to the left leg', 'Type 2 DM since 2020, on Metformin', 'None', 'No significant family history', '{"sleep":"7-8 hours","diet":"Vegan","bowel":"Regular","others":"Ex-smoker, non-alcoholic"}', 'Obesity Class 1 with insulin resistance', 'Thyronorm 50mcg', 'Thoracic mobilisation + scapular retraction exercises + postural taping', '3 weeks', 'cmmt1lb4r004qqolq0ftv472c', 'cmmt1lay9001wqolqyt8v8oq1', '2026-03-16T10:30:14.577Z');
INSERT INTO "MedicalHistory" ("id", "vitals", "comorbidities", "knownAllergies", "chiefComplaints", "pastMedicalHistory", "pastSurgicalHistory", "familyHistory", "personalHistory", "diagnosis", "currentMedications", "planOfCare", "followUp", "clientId", "serviceId", "createdAt") VALUES ('cmmt1lb96007kqolqq4ljqrzx', '{"weight":"99 kg","height":"176 cm","bmi":"23.9","pulse":"85 bpm","spo2":"98%","bp":"138/80 mmHg"}', '{"DM":false,"HTN":true,"CAD":false,"PCOS":false,"thyroid":false,"other":null}', 'None', 'Plantar fasciitis - bilateral, worse in the morning', 'No significant past medical history', 'ACL reconstruction 2025', 'Mother - Thyroid, Father - CAD', '{"sleep":"6-7 hours","diet":"Non-vegetarian","bowel":"Regular","others":"Ex-smoker, non-alcoholic"}', 'Forward head posture with thoracic kyphosis', 'None', 'CBT-based integrated counselling, 1x/week for 12 sessions', '6 weeks', 'cmmt1lb4s004sqolqn2kj45tc', 'cmmt1laye0026qolqjxzb8xbp', '2026-03-16T10:30:14.586Z');
INSERT INTO "MedicalHistory" ("id", "vitals", "comorbidities", "knownAllergies", "chiefComplaints", "pastMedicalHistory", "pastSurgicalHistory", "familyHistory", "personalHistory", "diagnosis", "currentMedications", "planOfCare", "followUp", "clientId", "serviceId", "createdAt") VALUES ('cmmt1lb99007mqolqoo6nbe5r', '{"weight":"75 kg","height":"155 cm","bmi":"31.8","pulse":"63 bpm","spo2":"100%","bp":"127/78 mmHg"}', '{"DM":false,"HTN":true,"CAD":true,"PCOS":false,"thyroid":false,"other":null}', 'NSAIDs', 'Bilateral knee pain on stair climbing', 'Childhood asthma, resolved', 'None', 'No significant family history', '{"sleep":"6-7 hours","diet":"Non-vegetarian","bowel":"Regular","others":"Ex-smoker, non-alcoholic"}', 'Post-surgical ACL graft healing - phase 2', 'Multivitamins', 'Caloric deficit plan 1800 kcal + macro tracking + biweekly follow-up', '1 month', 'cmmt1lb4t004uqolqntu4w177', 'cmmt1lay8001uqolqv7wcjeyb', '2026-03-16T10:30:14.589Z');
INSERT INTO "MedicalHistory" ("id", "vitals", "comorbidities", "knownAllergies", "chiefComplaints", "pastMedicalHistory", "pastSurgicalHistory", "familyHistory", "personalHistory", "diagnosis", "currentMedications", "planOfCare", "followUp", "clientId", "serviceId", "createdAt") VALUES ('cmmt1lb9b007oqolq5n1q05tl', '{"weight":"56 kg","height":"179 cm","bmi":"33.8","pulse":"81 bpm","spo2":"99%","bp":"111/71 mmHg"}', '{"DM":false,"HTN":false,"CAD":false,"PCOS":true,"thyroid":false,"other":null}', 'Sulfa drugs', 'Tennis elbow (lateral epicondylitis) - right side', 'No significant past medical history', 'Appendectomy 2019', 'Father - DM, Sister - PCOS', '{"sleep":"5-6 hours, disturbed","diet":"Vegetarian","bowel":"Regular","others":"Non-smoker, non-alcoholic"}', 'Upper crossed syndrome', 'Thyronorm 50mcg', 'Manual therapy + core stabilisation exercises, 3x/week for 6 weeks', '3 weeks', 'cmmt1lb4u004wqolqr3blxn81', 'cmmt1lay4001mqolqr0ajh6lz', '2026-03-16T10:30:14.592Z');

-- ─── CONSULTATION (39 rows) ───
INSERT INTO "Consultation" ("id", "vitals", "comorbidities", "chiefComplaints", "diagnosis", "planOfCare", "treatmentProtocol", "recommendedSessions", "assessmentNotes", "followUp", "clientId", "consultantId", "serviceId", "date", "createdAt") VALUES ('cmmt1lb9f007qqolq99iy0x3a', '{"weight":"60 kg","height":"153 cm","bmi":"25.3","pulse":"80 bpm","spo2":"96%","bp":"130/64 mmHg"}', '{"DM":false,"HTN":true}', 'Chronic lower back pain radiating to the left leg', 'Lumbar disc herniation L4-L5', 'Manual therapy + core stabilisation exercises, 3x/week for 6 weeks', 'Manual therapy + core stabilisation exercises, 3x/week for 6 weeks', 20, '{"rom":"Moderately restricted","strength":"4+/5","painScale":"4/10","specialTests":"N/A"}', '1 month', 'cmmt1lb3w003kqolqmlz6s6d4', 'cmmt1lb3i0038qolqkud09mk2', 'cmmt1lax30008qolq8b004tli', '2025-10-14T02:13:26.281Z', '2026-03-16T10:30:14.595Z');
INSERT INTO "Consultation" ("id", "vitals", "comorbidities", "chiefComplaints", "diagnosis", "planOfCare", "treatmentProtocol", "recommendedSessions", "assessmentNotes", "followUp", "clientId", "consultantId", "serviceId", "date", "createdAt") VALUES ('cmmt1lb9m007sqolq5wjhiccx', '{"weight":"95 kg","height":"153 cm","bmi":"21.6","pulse":"99 bpm","spo2":"100%","bp":"117/87 mmHg"}', '{"DM":false,"HTN":false}', 'Right shoulder impingement, difficulty raising arm above head', 'Rotator cuff tendinopathy', 'Rotator cuff strengthening protocol, progressive loading over 8 weeks', 'Rotator cuff strengthening protocol, progressive loading over 8 weeks', 8, '{"rom":"Moderately restricted","strength":"4/5","painScale":"8/10","specialTests":"Negative McMurray''s"}', '1 month', 'cmmt1lb3w003kqolqmlz6s6d4', 'cmmt1lb3l003eqolqm26b5ij4', 'cmmt1lax30008qolq8b004tli', '2025-12-21T04:26:58.409Z', '2026-03-16T10:30:14.602Z');
INSERT INTO "Consultation" ("id", "vitals", "comorbidities", "chiefComplaints", "diagnosis", "planOfCare", "treatmentProtocol", "recommendedSessions", "assessmentNotes", "followUp", "clientId", "consultantId", "serviceId", "date", "createdAt") VALUES ('cmmt1lb9o007uqolq0d2h2n01', '{"weight":"95 kg","height":"180 cm","bmi":"23.4","pulse":"95 bpm","spo2":"98%","bp":"137/81 mmHg"}', '{"DM":false,"HTN":false}', 'Post ACL reconstruction - 6 weeks, needs rehab', 'Post-surgical ACL graft healing - phase 2', 'ACL rehab Phase 2: closed chain exercises, balance training, 4x/week', 'ACL rehab Phase 2: closed chain exercises, balance training, 4x/week', 15, '{"rom":"Moderately restricted","strength":"4+/5","painScale":"8/10","specialTests":"Positive SLR"}', '3 weeks', 'cmmt1lb3y003mqolqyd682odo', 'cmmt1lb3i0038qolqkud09mk2', 'cmmt1laxx001cqolq96ce6ig0', '2025-10-04T20:14:55.818Z', '2026-03-16T10:30:14.604Z');
INSERT INTO "Consultation" ("id", "vitals", "comorbidities", "chiefComplaints", "diagnosis", "planOfCare", "treatmentProtocol", "recommendedSessions", "assessmentNotes", "followUp", "clientId", "consultantId", "serviceId", "date", "createdAt") VALUES ('cmmt1lb9r007wqolqm7vpnk2x', '{"weight":"97 kg","height":"170 cm","bmi":"30.4","pulse":"71 bpm","spo2":"95%","bp":"135/88 mmHg"}', '{"DM":true,"HTN":true}', 'Neck stiffness with cervicogenic headaches', 'Cervical spondylosis with radiculopathy', 'Cervical traction + postural correction + ergonomic advice', 'Cervical traction + postural correction + ergonomic advice', 6, '{"rom":"Moderately restricted","strength":"5/5","painScale":"8/10","specialTests":"Positive SLR"}', '1 month', 'cmmt1lb3y003mqolqyd682odo', 'cmmt1lb39002sqolq0p2gysnk', 'cmmt1layg002cqolqkc4f3vqv', '2025-10-31T12:42:29.014Z', '2026-03-16T10:30:14.607Z');
INSERT INTO "Consultation" ("id", "vitals", "comorbidities", "chiefComplaints", "diagnosis", "planOfCare", "treatmentProtocol", "recommendedSessions", "assessmentNotes", "followUp", "clientId", "consultantId", "serviceId", "date", "createdAt") VALUES ('cmmt1lb9u007yqolqccdpnv68', '{"weight":"79 kg","height":"153 cm","bmi":"34.3","pulse":"82 bpm","spo2":"100%","bp":"113/80 mmHg"}', '{"DM":false,"HTN":false}', 'Bilateral knee pain on stair climbing', 'Bilateral patellofemoral syndrome', 'VMO strengthening, patellar taping, activity modification', 'VMO strengthening, patellar taping, activity modification', 16, '{"rom":"Limited","strength":"5/5","painScale":"6/10","specialTests":"N/A"}', '3 weeks', 'cmmt1lb3z003oqolq0d48kivs', 'cmmt1lb3k003cqolqycij16f7', 'cmmt1laxp0012qolqlnhtc9tg', '2026-01-25T04:14:00.521Z', '2026-03-16T10:30:14.610Z');
INSERT INTO "Consultation" ("id", "vitals", "comorbidities", "chiefComplaints", "diagnosis", "planOfCare", "treatmentProtocol", "recommendedSessions", "assessmentNotes", "followUp", "clientId", "consultantId", "serviceId", "date", "createdAt") VALUES ('cmmt1lb9x0080qolqwbidt8qq', '{"weight":"53 kg","height":"153 cm","bmi":"19.1","pulse":"88 bpm","spo2":"100%","bp":"130/63 mmHg"}', '{"DM":false,"HTN":false}', 'Tennis elbow (lateral epicondylitis) - right side', 'Lateral epicondylitis', 'Eccentric wrist extensor exercises + friction massage + ultrasound', 'Eccentric wrist extensor exercises + friction massage + ultrasound', 10, '{"rom":"Limited","strength":"4+/5","painScale":"8/10","specialTests":"Positive Tinel''s"}', '2 weeks', 'cmmt1lb3z003oqolq0d48kivs', 'cmmt1lb3n003gqolqn0ruy5fc', 'cmmt1laxj000oqolq7oehfoc1', '2026-03-07T10:20:27.760Z', '2026-03-16T10:30:14.614Z');
INSERT INTO "Consultation" ("id", "vitals", "comorbidities", "chiefComplaints", "diagnosis", "planOfCare", "treatmentProtocol", "recommendedSessions", "assessmentNotes", "followUp", "clientId", "consultantId", "serviceId", "date", "createdAt") VALUES ('cmmt1lba00082qolqp7qgvuqp', '{"weight":"100 kg","height":"180 cm","bmi":"31.3","pulse":"83 bpm","spo2":"97%","bp":"122/85 mmHg"}', '{"DM":true,"HTN":false}', 'Post-operative total hip replacement rehabilitation', 'Post-THA - good alignment, needs functional training', 'Gait training + hip abductor strengthening + functional mobility', 'Gait training + hip abductor strengthening + functional mobility', 8, '{"rom":"Limited","strength":"5/5","painScale":"7/10","specialTests":"Positive Tinel''s"}', '1 month', 'cmmt1lb40003qqolq1y7erw4w', 'cmmt1lb3i0038qolqkud09mk2', 'cmmt1laxf000gqolq52fc4azj', '2025-11-30T23:03:12.249Z', '2026-03-16T10:30:14.617Z');
INSERT INTO "Consultation" ("id", "vitals", "comorbidities", "chiefComplaints", "diagnosis", "planOfCare", "treatmentProtocol", "recommendedSessions", "assessmentNotes", "followUp", "clientId", "consultantId", "serviceId", "date", "createdAt") VALUES ('cmmt1lba40084qolqtf5sjdkv', '{"weight":"59 kg","height":"183 cm","bmi":"23.3","pulse":"70 bpm","spo2":"100%","bp":"129/81 mmHg"}', '{"DM":false,"HTN":false}', 'Plantar fasciitis - bilateral, worse in the morning', 'Bilateral plantar fasciitis with calcaneal spur', 'Calf stretching + arch support + shockwave therapy', 'Calf stretching + arch support + shockwave therapy', 10, '{"rom":"Within normal limits","strength":"5/5","painScale":"3/10","specialTests":"Positive SLR"}', '3 weeks', 'cmmt1lb42003sqolq13ohfsma', 'cmmt1lb3d002yqolqygmc01k7', 'cmmt1laxe000eqolqd3x7c48e', '2026-03-04T14:45:05.935Z', '2026-03-16T10:30:14.621Z');
INSERT INTO "Consultation" ("id", "vitals", "comorbidities", "chiefComplaints", "diagnosis", "planOfCare", "treatmentProtocol", "recommendedSessions", "assessmentNotes", "followUp", "clientId", "consultantId", "serviceId", "date", "createdAt") VALUES ('cmmt1lba70086qolq8nfva7qd', '{"weight":"56 kg","height":"174 cm","bmi":"24.9","pulse":"61 bpm","spo2":"97%","bp":"134/61 mmHg"}', '{"DM":false,"HTN":false}', 'Thoracic spine stiffness with rounded shoulders', 'Upper crossed syndrome', 'Thoracic mobilisation + scapular retraction exercises + postural taping', 'Thoracic mobilisation + scapular retraction exercises + postural taping', 10, '{"rom":"Moderately restricted","strength":"3/5","painScale":"4/10","specialTests":"N/A"}', '3 weeks', 'cmmt1lb43003uqolqdj1vbjuh', 'cmmt1lb3c002wqolqnoz84vzl', 'cmmt1laxp0012qolqlnhtc9tg', '2026-01-09T04:06:53.497Z', '2026-03-16T10:30:14.623Z');
INSERT INTO "Consultation" ("id", "vitals", "comorbidities", "chiefComplaints", "diagnosis", "planOfCare", "treatmentProtocol", "recommendedSessions", "assessmentNotes", "followUp", "clientId", "consultantId", "serviceId", "date", "createdAt") VALUES ('cmmt1lbaa0088qolqxlha8n3x', '{"weight":"66 kg","height":"163 cm","bmi":"32.0","pulse":"77 bpm","spo2":"95%","bp":"108/73 mmHg"}', '{"DM":false,"HTN":false}', 'Frozen shoulder (adhesive capsulitis) - left side', 'Adhesive capsulitis Stage 2 (freezing)', 'Codman''s pendulum, wall walks, passive stretching under heat', 'Codman''s pendulum, wall walks, passive stretching under heat', 15, '{"rom":"Moderately restricted","strength":"4+/5","painScale":"3/10","specialTests":"N/A"}', '2 weeks', 'cmmt1lb44003wqolqz67bcwna', 'cmmt1lb3i0038qolqkud09mk2', 'cmmt1laxk000qqolqho4ph8yf', '2026-01-30T14:07:44.813Z', '2026-03-16T10:30:14.627Z');
INSERT INTO "Consultation" ("id", "vitals", "comorbidities", "chiefComplaints", "diagnosis", "planOfCare", "treatmentProtocol", "recommendedSessions", "assessmentNotes", "followUp", "clientId", "consultantId", "serviceId", "date", "createdAt") VALUES ('cmmt1lbac008aqolq5s636b5a', '{"weight":"62 kg","height":"177 cm","bmi":"21.5","pulse":"71 bpm","spo2":"95%","bp":"107/74 mmHg"}', '{"DM":false,"HTN":false}', 'Stress and anxiety affecting sleep quality', 'Generalised anxiety disorder', 'CBT-based integrated counselling, 1x/week for 12 sessions', 'CBT-based integrated counselling, 1x/week for 12 sessions', 12, '{"rom":"Moderately restricted","strength":"3/5","painScale":"3/10","specialTests":"Positive SLR"}', '2 weeks', 'cmmt1lb44003wqolqz67bcwna', 'cmmt1lb3l003eqolqm26b5ij4', 'cmmt1laya001yqolq9lq9ormz', '2026-01-04T18:34:59.380Z', '2026-03-16T10:30:14.628Z');
INSERT INTO "Consultation" ("id", "vitals", "comorbidities", "chiefComplaints", "diagnosis", "planOfCare", "treatmentProtocol", "recommendedSessions", "assessmentNotes", "followUp", "clientId", "consultantId", "serviceId", "date", "createdAt") VALUES ('cmmt1lbaq008cqolqs7ozh8i7', '{"weight":"52 kg","height":"171 cm","bmi":"30.1","pulse":"90 bpm","spo2":"96%","bp":"109/78 mmHg"}', '{"DM":false,"HTN":true}', 'Weight management and dietary planning needed', 'Obesity Class 1 with insulin resistance', 'Caloric deficit plan 1800 kcal + macro tracking + biweekly follow-up', 'Caloric deficit plan 1800 kcal + macro tracking + biweekly follow-up', 19, '{"rom":"Limited","strength":"5/5","painScale":"7/10","specialTests":"Positive Tinel''s"}', '3 weeks', 'cmmt1lb46003yqolq8hjrmwsl', 'cmmt1lb3n003gqolqn0ruy5fc', 'cmmt1laxz001gqolqn0yuifre', '2026-01-21T01:44:53.406Z', '2026-03-16T10:30:14.642Z');
INSERT INTO "Consultation" ("id", "vitals", "comorbidities", "chiefComplaints", "diagnosis", "planOfCare", "treatmentProtocol", "recommendedSessions", "assessmentNotes", "followUp", "clientId", "consultantId", "serviceId", "date", "createdAt") VALUES ('cmmt1lbav008eqolq5m355a73', '{"weight":"97 kg","height":"163 cm","bmi":"34.3","pulse":"89 bpm","spo2":"95%","bp":"133/70 mmHg"}', '{"DM":false,"HTN":false}', 'Sciatica with numbness in right foot', 'L5-S1 disc protrusion with right S1 radiculopathy', 'Neural flossing + McKenzie extension protocol + core stability', 'Neural flossing + McKenzie extension protocol + core stability', 11, '{"rom":"Limited","strength":"4+/5","painScale":"7/10","specialTests":"Positive Tinel''s"}', '2 weeks', 'cmmt1lb46003yqolq8hjrmwsl', 'cmmt1lb3f0032qolq1ylpsiw9', 'cmmt1lax30008qolq8b004tli', '2025-10-19T21:50:20.977Z', '2026-03-16T10:30:14.648Z');
INSERT INTO "Consultation" ("id", "vitals", "comorbidities", "chiefComplaints", "diagnosis", "planOfCare", "treatmentProtocol", "recommendedSessions", "assessmentNotes", "followUp", "clientId", "consultantId", "serviceId", "date", "createdAt") VALUES ('cmmt1lbax008gqolqcoq534w6', '{"weight":"101 kg","height":"187 cm","bmi":"32.3","pulse":"95 bpm","spo2":"100%","bp":"134/80 mmHg"}', '{"DM":false,"HTN":false}', 'Sports injury - hamstring strain Grade 2', 'Proximal hamstring tendinopathy', 'Eccentric hamstring loading + dry needling + gradual return to sport', 'Eccentric hamstring loading + dry needling + gradual return to sport', 19, '{"rom":"Moderately restricted","strength":"5/5","painScale":"3/10","specialTests":"Negative McMurray''s"}', '2 weeks', 'cmmt1lb470040qolqbd9asgqd', 'cmmt1lb36002mqolqzo66gf67', 'cmmt1layh002gqolqgprveqoj', '2026-02-10T15:46:40.066Z', '2026-03-16T10:30:14.650Z');
INSERT INTO "Consultation" ("id", "vitals", "comorbidities", "chiefComplaints", "diagnosis", "planOfCare", "treatmentProtocol", "recommendedSessions", "assessmentNotes", "followUp", "clientId", "consultantId", "serviceId", "date", "createdAt") VALUES ('cmmt1lbb2008iqolqqu17s88t', '{"weight":"94 kg","height":"165 cm","bmi":"34.6","pulse":"98 bpm","spo2":"99%","bp":"134/80 mmHg"}', '{"DM":false,"HTN":false}', 'Postural correction for IT professional', 'Forward head posture with thoracic kyphosis', 'Chin tucks + thoracic extensions + desk ergonomic setup', 'Chin tucks + thoracic extensions + desk ergonomic setup', 16, '{"rom":"Within normal limits","strength":"4/5","painScale":"7/10","specialTests":"Negative McMurray''s"}', '1 month', 'cmmt1lb490042qolqy8y975yv', 'cmmt1lb3b002uqolq1qzsk1jy', 'cmmt1layb0020qolqaqtk0mvf', '2026-02-17T21:42:29.211Z', '2026-03-16T10:30:14.654Z');
INSERT INTO "Consultation" ("id", "vitals", "comorbidities", "chiefComplaints", "diagnosis", "planOfCare", "treatmentProtocol", "recommendedSessions", "assessmentNotes", "followUp", "clientId", "consultantId", "serviceId", "date", "createdAt") VALUES ('cmmt1lbb5008kqolq0i8a28dg', '{"weight":"80 kg","height":"175 cm","bmi":"19.1","pulse":"87 bpm","spo2":"95%","bp":"103/62 mmHg"}', '{"DM":false,"HTN":false}', 'Chronic lower back pain radiating to the left leg', 'Lumbar disc herniation L4-L5', 'Manual therapy + core stabilisation exercises, 3x/week for 6 weeks', 'Manual therapy + core stabilisation exercises, 3x/week for 6 weeks', 18, '{"rom":"Limited","strength":"3/5","painScale":"7/10","specialTests":"Positive Tinel''s"}', '3 weeks', 'cmmt1lb490042qolqy8y975yv', 'cmmt1lb3e0030qolqpkgsfnqh', 'cmmt1laxj000oqolq7oehfoc1', '2026-01-11T22:23:56.429Z', '2026-03-16T10:30:14.657Z');
INSERT INTO "Consultation" ("id", "vitals", "comorbidities", "chiefComplaints", "diagnosis", "planOfCare", "treatmentProtocol", "recommendedSessions", "assessmentNotes", "followUp", "clientId", "consultantId", "serviceId", "date", "createdAt") VALUES ('cmmt1lbb7008mqolqga9spgsn', '{"weight":"93 kg","height":"190 cm","bmi":"20.0","pulse":"98 bpm","spo2":"95%","bp":"136/60 mmHg"}', '{"DM":false,"HTN":true}', 'Right shoulder impingement, difficulty raising arm above head', 'Rotator cuff tendinopathy', 'Rotator cuff strengthening protocol, progressive loading over 8 weeks', 'Rotator cuff strengthening protocol, progressive loading over 8 weeks', 10, '{"rom":"Moderately restricted","strength":"4+/5","painScale":"6/10","specialTests":"Positive SLR"}', '3 weeks', 'cmmt1lb4c0044qolqalxlhx3a', 'cmmt1lb3e0030qolqpkgsfnqh', 'cmmt1laxo000yqolqdr72xpua', '2025-10-05T14:50:51.571Z', '2026-03-16T10:30:14.659Z');
INSERT INTO "Consultation" ("id", "vitals", "comorbidities", "chiefComplaints", "diagnosis", "planOfCare", "treatmentProtocol", "recommendedSessions", "assessmentNotes", "followUp", "clientId", "consultantId", "serviceId", "date", "createdAt") VALUES ('cmmt1lbba008oqolqkbpdrev4', '{"weight":"56 kg","height":"161 cm","bmi":"29.2","pulse":"71 bpm","spo2":"95%","bp":"125/64 mmHg"}', '{"DM":true,"HTN":false}', 'Post ACL reconstruction - 6 weeks, needs rehab', 'Post-surgical ACL graft healing - phase 2', 'ACL rehab Phase 2: closed chain exercises, balance training, 4x/week', 'ACL rehab Phase 2: closed chain exercises, balance training, 4x/week', 11, '{"rom":"Within normal limits","strength":"4+/5","painScale":"7/10","specialTests":"N/A"}', '3 weeks', 'cmmt1lb4c0044qolqalxlhx3a', 'cmmt1lb36002mqolqzo66gf67', 'cmmt1laxo0010qolq712ltkly', '2025-11-18T04:19:45.326Z', '2026-03-16T10:30:14.662Z');
INSERT INTO "Consultation" ("id", "vitals", "comorbidities", "chiefComplaints", "diagnosis", "planOfCare", "treatmentProtocol", "recommendedSessions", "assessmentNotes", "followUp", "clientId", "consultantId", "serviceId", "date", "createdAt") VALUES ('cmmt1lbbe008qqolqi8w4xg1o', '{"weight":"71 kg","height":"188 cm","bmi":"34.2","pulse":"89 bpm","spo2":"99%","bp":"129/73 mmHg"}', '{"DM":false,"HTN":false}', 'Neck stiffness with cervicogenic headaches', 'Cervical spondylosis with radiculopathy', 'Cervical traction + postural correction + ergonomic advice', 'Cervical traction + postural correction + ergonomic advice', 19, '{"rom":"Within normal limits","strength":"3/5","painScale":"7/10","specialTests":"Positive Tinel''s"}', '3 weeks', 'cmmt1lb4f0046qolqhpaqh1z4', 'cmmt1lb3d002yqolqygmc01k7', 'cmmt1laxy001eqolqrlggbvfh', '2026-02-15T02:13:55.309Z', '2026-03-16T10:30:14.666Z');
INSERT INTO "Consultation" ("id", "vitals", "comorbidities", "chiefComplaints", "diagnosis", "planOfCare", "treatmentProtocol", "recommendedSessions", "assessmentNotes", "followUp", "clientId", "consultantId", "serviceId", "date", "createdAt") VALUES ('cmmt1lbbg008sqolq95l4mvmb', '{"weight":"96 kg","height":"179 cm","bmi":"22.9","pulse":"98 bpm","spo2":"100%","bp":"132/60 mmHg"}', '{"DM":false,"HTN":false}', 'Bilateral knee pain on stair climbing', 'Bilateral patellofemoral syndrome', 'VMO strengthening, patellar taping, activity modification', 'VMO strengthening, patellar taping, activity modification', 12, '{"rom":"Within normal limits","strength":"5/5","painScale":"8/10","specialTests":"N/A"}', '3 weeks', 'cmmt1lb4g0048qolqxymdgw1v', 'cmmt1lb3c002wqolqnoz84vzl', 'cmmt1lay5001oqolqjkyp885q', '2025-12-07T00:50:32.185Z', '2026-03-16T10:30:14.668Z');
INSERT INTO "Consultation" ("id", "vitals", "comorbidities", "chiefComplaints", "diagnosis", "planOfCare", "treatmentProtocol", "recommendedSessions", "assessmentNotes", "followUp", "clientId", "consultantId", "serviceId", "date", "createdAt") VALUES ('cmmt1lbbk008uqolqydgzi0vu', '{"weight":"87 kg","height":"179 cm","bmi":"31.4","pulse":"83 bpm","spo2":"97%","bp":"129/71 mmHg"}', '{"DM":false,"HTN":false}', 'Tennis elbow (lateral epicondylitis) - right side', 'Lateral epicondylitis', 'Eccentric wrist extensor exercises + friction massage + ultrasound', 'Eccentric wrist extensor exercises + friction massage + ultrasound', 14, '{"rom":"Within normal limits","strength":"3/5","painScale":"3/10","specialTests":"Positive SLR"}', '1 month', 'cmmt1lb4g0048qolqxymdgw1v', 'cmmt1lb3k003cqolqycij16f7', 'cmmt1lay7001qqolq44c3idlu', '2025-12-23T05:53:57.439Z', '2026-03-16T10:30:14.672Z');
INSERT INTO "Consultation" ("id", "vitals", "comorbidities", "chiefComplaints", "diagnosis", "planOfCare", "treatmentProtocol", "recommendedSessions", "assessmentNotes", "followUp", "clientId", "consultantId", "serviceId", "date", "createdAt") VALUES ('cmmt1lbbn008wqolqf4i5oiuy', '{"weight":"104 kg","height":"169 cm","bmi":"25.5","pulse":"67 bpm","spo2":"97%","bp":"109/73 mmHg"}', '{"DM":false,"HTN":false}', 'Post-operative total hip replacement rehabilitation', 'Post-THA - good alignment, needs functional training', 'Gait training + hip abductor strengthening + functional mobility', 'Gait training + hip abductor strengthening + functional mobility', 13, '{"rom":"Within normal limits","strength":"4/5","painScale":"7/10","specialTests":"N/A"}', '1 month', 'cmmt1lb4h004aqolqmv5u0ztt', 'cmmt1lb3n003gqolqn0ruy5fc', 'cmmt1laxi000mqolq5tgxx6j3', '2026-01-27T06:37:24.000Z', '2026-03-16T10:30:14.675Z');
INSERT INTO "Consultation" ("id", "vitals", "comorbidities", "chiefComplaints", "diagnosis", "planOfCare", "treatmentProtocol", "recommendedSessions", "assessmentNotes", "followUp", "clientId", "consultantId", "serviceId", "date", "createdAt") VALUES ('cmmt1lbbr008yqolqdctzmwcp', '{"weight":"102 kg","height":"185 cm","bmi":"29.3","pulse":"94 bpm","spo2":"95%","bp":"107/79 mmHg"}', '{"DM":true,"HTN":false}', 'Plantar fasciitis - bilateral, worse in the morning', 'Bilateral plantar fasciitis with calcaneal spur', 'Calf stretching + arch support + shockwave therapy', 'Calf stretching + arch support + shockwave therapy', 8, '{"rom":"Within normal limits","strength":"3/5","painScale":"3/10","specialTests":"N/A"}', '1 month', 'cmmt1lb4i004cqolqju0t1oqm', 'cmmt1lb3l003eqolqm26b5ij4', 'cmmt1laxn000wqolqlsn4kzr1', '2026-02-19T07:03:26.326Z', '2026-03-16T10:30:14.679Z');
INSERT INTO "Consultation" ("id", "vitals", "comorbidities", "chiefComplaints", "diagnosis", "planOfCare", "treatmentProtocol", "recommendedSessions", "assessmentNotes", "followUp", "clientId", "consultantId", "serviceId", "date", "createdAt") VALUES ('cmmt1lbbu0090qolqnjww6q60', '{"weight":"60 kg","height":"168 cm","bmi":"20.0","pulse":"65 bpm","spo2":"100%","bp":"130/76 mmHg"}', '{"DM":false,"HTN":true}', 'Thoracic spine stiffness with rounded shoulders', 'Upper crossed syndrome', 'Thoracic mobilisation + scapular retraction exercises + postural taping', 'Thoracic mobilisation + scapular retraction exercises + postural taping', 12, '{"rom":"Limited","strength":"5/5","painScale":"8/10","specialTests":"Positive Neer''s"}', '3 weeks', 'cmmt1lb4i004cqolqju0t1oqm', 'cmmt1lb3e0030qolqpkgsfnqh', 'cmmt1laxw001aqolq9jjonzqb', '2026-03-09T17:42:42.101Z', '2026-03-16T10:30:14.682Z');
INSERT INTO "Consultation" ("id", "vitals", "comorbidities", "chiefComplaints", "diagnosis", "planOfCare", "treatmentProtocol", "recommendedSessions", "assessmentNotes", "followUp", "clientId", "consultantId", "serviceId", "date", "createdAt") VALUES ('cmmt1lbbx0092qolq2gygdlsx', '{"weight":"57 kg","height":"177 cm","bmi":"32.7","pulse":"95 bpm","spo2":"99%","bp":"127/66 mmHg"}', '{"DM":false,"HTN":false}', 'Frozen shoulder (adhesive capsulitis) - left side', 'Adhesive capsulitis Stage 2 (freezing)', 'Codman''s pendulum, wall walks, passive stretching under heat', 'Codman''s pendulum, wall walks, passive stretching under heat', 20, '{"rom":"Moderately restricted","strength":"3/5","painScale":"7/10","specialTests":"N/A"}', '2 weeks', 'cmmt1lb4j004eqolqd4y4qeaj', 'cmmt1lb3h0036qolqbgahflon', 'cmmt1laxz001gqolqn0yuifre', '2026-02-25T19:36:19.773Z', '2026-03-16T10:30:14.685Z');
INSERT INTO "Consultation" ("id", "vitals", "comorbidities", "chiefComplaints", "diagnosis", "planOfCare", "treatmentProtocol", "recommendedSessions", "assessmentNotes", "followUp", "clientId", "consultantId", "serviceId", "date", "createdAt") VALUES ('cmmt1lbc10094qolqctbr14zb', '{"weight":"105 kg","height":"183 cm","bmi":"28.1","pulse":"84 bpm","spo2":"98%","bp":"133/66 mmHg"}', '{"DM":false,"HTN":false}', 'Stress and anxiety affecting sleep quality', 'Generalised anxiety disorder', 'CBT-based integrated counselling, 1x/week for 12 sessions', 'CBT-based integrated counselling, 1x/week for 12 sessions', 17, '{"rom":"Within normal limits","strength":"5/5","painScale":"7/10","specialTests":"Positive Neer''s"}', '3 weeks', 'cmmt1lb4j004eqolqd4y4qeaj', 'cmmt1lb3h0036qolqbgahflon', 'cmmt1laxg000iqolqlnwuvzge', '2025-12-02T18:53:12.609Z', '2026-03-16T10:30:14.690Z');
INSERT INTO "Consultation" ("id", "vitals", "comorbidities", "chiefComplaints", "diagnosis", "planOfCare", "treatmentProtocol", "recommendedSessions", "assessmentNotes", "followUp", "clientId", "consultantId", "serviceId", "date", "createdAt") VALUES ('cmmt1lbc40096qolqi89m76po', '{"weight":"73 kg","height":"189 cm","bmi":"27.9","pulse":"74 bpm","spo2":"96%","bp":"103/64 mmHg"}', '{"DM":false,"HTN":true}', 'Weight management and dietary planning needed', 'Obesity Class 1 with insulin resistance', 'Caloric deficit plan 1800 kcal + macro tracking + biweekly follow-up', 'Caloric deficit plan 1800 kcal + macro tracking + biweekly follow-up', 16, '{"rom":"Moderately restricted","strength":"5/5","painScale":"6/10","specialTests":"Positive Tinel''s"}', '1 month', 'cmmt1lb4l004gqolq6kclwyhl', 'cmmt1lb37002oqolqa95gvw33', 'cmmt1layh002eqolqn912r6t3', '2025-10-25T19:35:21.585Z', '2026-03-16T10:30:14.692Z');
INSERT INTO "Consultation" ("id", "vitals", "comorbidities", "chiefComplaints", "diagnosis", "planOfCare", "treatmentProtocol", "recommendedSessions", "assessmentNotes", "followUp", "clientId", "consultantId", "serviceId", "date", "createdAt") VALUES ('cmmt1lbc60098qolqov3hc2oq', '{"weight":"103 kg","height":"173 cm","bmi":"25.7","pulse":"82 bpm","spo2":"95%","bp":"112/86 mmHg"}', '{"DM":true,"HTN":false}', 'Sciatica with numbness in right foot', 'L5-S1 disc protrusion with right S1 radiculopathy', 'Neural flossing + McKenzie extension protocol + core stability', 'Neural flossing + McKenzie extension protocol + core stability', 14, '{"rom":"Moderately restricted","strength":"4+/5","painScale":"7/10","specialTests":"Positive SLR"}', '1 month', 'cmmt1lb4m004iqolqepw4h89q', 'cmmt1lb36002mqolqzo66gf67', 'cmmt1lay7001sqolqodamauy1', '2025-12-18T12:43:21.040Z', '2026-03-16T10:30:14.695Z');
INSERT INTO "Consultation" ("id", "vitals", "comorbidities", "chiefComplaints", "diagnosis", "planOfCare", "treatmentProtocol", "recommendedSessions", "assessmentNotes", "followUp", "clientId", "consultantId", "serviceId", "date", "createdAt") VALUES ('cmmt1lbcb009aqolq1q4wtwb1', '{"weight":"104 kg","height":"179 cm","bmi":"23.4","pulse":"77 bpm","spo2":"99%","bp":"103/76 mmHg"}', '{"DM":true,"HTN":true}', 'Sports injury - hamstring strain Grade 2', 'Proximal hamstring tendinopathy', 'Eccentric hamstring loading + dry needling + gradual return to sport', 'Eccentric hamstring loading + dry needling + gradual return to sport', 15, '{"rom":"Moderately restricted","strength":"4/5","painScale":"4/10","specialTests":"N/A"}', '1 month', 'cmmt1lb4n004kqolqvxmfpewp', 'cmmt1lb3e0030qolqpkgsfnqh', 'cmmt1laxd000cqolqqn4vxyui', '2026-01-18T21:33:08.166Z', '2026-03-16T10:30:14.699Z');
INSERT INTO "Consultation" ("id", "vitals", "comorbidities", "chiefComplaints", "diagnosis", "planOfCare", "treatmentProtocol", "recommendedSessions", "assessmentNotes", "followUp", "clientId", "consultantId", "serviceId", "date", "createdAt") VALUES ('cmmt1lbce009cqolqoxcntk7w', '{"weight":"101 kg","height":"173 cm","bmi":"31.2","pulse":"68 bpm","spo2":"100%","bp":"114/85 mmHg"}', '{"DM":true,"HTN":false}', 'Postural correction for IT professional', 'Forward head posture with thoracic kyphosis', 'Chin tucks + thoracic extensions + desk ergonomic setup', 'Chin tucks + thoracic extensions + desk ergonomic setup', 12, '{"rom":"Within normal limits","strength":"4/5","painScale":"5/10","specialTests":"Positive Tinel''s"}', '2 weeks', 'cmmt1lb4o004mqolqp03wmxxj', 'cmmt1lb3o003iqolq2zuldo8e', 'cmmt1laxe000eqolqd3x7c48e', '2026-01-29T09:24:15.805Z', '2026-03-16T10:30:14.702Z');
INSERT INTO "Consultation" ("id", "vitals", "comorbidities", "chiefComplaints", "diagnosis", "planOfCare", "treatmentProtocol", "recommendedSessions", "assessmentNotes", "followUp", "clientId", "consultantId", "serviceId", "date", "createdAt") VALUES ('cmmt1lbci009eqolq3esq93jj', '{"weight":"78 kg","height":"172 cm","bmi":"33.6","pulse":"67 bpm","spo2":"95%","bp":"111/88 mmHg"}', '{"DM":false,"HTN":true}', 'Chronic lower back pain radiating to the left leg', 'Lumbar disc herniation L4-L5', 'Manual therapy + core stabilisation exercises, 3x/week for 6 weeks', 'Manual therapy + core stabilisation exercises, 3x/week for 6 weeks', 9, '{"rom":"Within normal limits","strength":"3/5","painScale":"4/10","specialTests":"Positive Tinel''s"}', '1 month', 'cmmt1lb4o004mqolqp03wmxxj', 'cmmt1lb36002mqolqzo66gf67', 'cmmt1laxw001aqolq9jjonzqb', '2025-12-22T05:44:34.278Z', '2026-03-16T10:30:14.706Z');
INSERT INTO "Consultation" ("id", "vitals", "comorbidities", "chiefComplaints", "diagnosis", "planOfCare", "treatmentProtocol", "recommendedSessions", "assessmentNotes", "followUp", "clientId", "consultantId", "serviceId", "date", "createdAt") VALUES ('cmmt1lbck009gqolqzuq9ci4d', '{"weight":"61 kg","height":"176 cm","bmi":"27.5","pulse":"68 bpm","spo2":"100%","bp":"137/60 mmHg"}', '{"DM":false,"HTN":false}', 'Right shoulder impingement, difficulty raising arm above head', 'Rotator cuff tendinopathy', 'Rotator cuff strengthening protocol, progressive loading over 8 weeks', 'Rotator cuff strengthening protocol, progressive loading over 8 weeks', 15, '{"rom":"Within normal limits","strength":"3/5","painScale":"8/10","specialTests":"N/A"}', '1 month', 'cmmt1lb4p004oqolq8k8aut4n', 'cmmt1lb3h0036qolqbgahflon', 'cmmt1layc0022qolqah4hjn0z', '2025-10-14T10:17:24.372Z', '2026-03-16T10:30:14.708Z');
INSERT INTO "Consultation" ("id", "vitals", "comorbidities", "chiefComplaints", "diagnosis", "planOfCare", "treatmentProtocol", "recommendedSessions", "assessmentNotes", "followUp", "clientId", "consultantId", "serviceId", "date", "createdAt") VALUES ('cmmt1lbcm009iqolq4lzc8m0i', '{"weight":"64 kg","height":"159 cm","bmi":"24.7","pulse":"61 bpm","spo2":"99%","bp":"121/74 mmHg"}', '{"DM":true,"HTN":true}', 'Post ACL reconstruction - 6 weeks, needs rehab', 'Post-surgical ACL graft healing - phase 2', 'ACL rehab Phase 2: closed chain exercises, balance training, 4x/week', 'ACL rehab Phase 2: closed chain exercises, balance training, 4x/week', 7, '{"rom":"Limited","strength":"4/5","painScale":"7/10","specialTests":"Positive SLR"}', '3 weeks', 'cmmt1lb4p004oqolq8k8aut4n', 'cmmt1lb3l003eqolqm26b5ij4', 'cmmt1lay9001wqolqyt8v8oq1', '2026-02-26T07:27:48.425Z', '2026-03-16T10:30:14.711Z');
INSERT INTO "Consultation" ("id", "vitals", "comorbidities", "chiefComplaints", "diagnosis", "planOfCare", "treatmentProtocol", "recommendedSessions", "assessmentNotes", "followUp", "clientId", "consultantId", "serviceId", "date", "createdAt") VALUES ('cmmt1lbcp009kqolq6pkngzzp', '{"weight":"103 kg","height":"151 cm","bmi":"24.0","pulse":"72 bpm","spo2":"100%","bp":"131/66 mmHg"}', '{"DM":false,"HTN":false}', 'Neck stiffness with cervicogenic headaches', 'Cervical spondylosis with radiculopathy', 'Cervical traction + postural correction + ergonomic advice', 'Cervical traction + postural correction + ergonomic advice', 18, '{"rom":"Moderately restricted","strength":"5/5","painScale":"4/10","specialTests":"N/A"}', '1 month', 'cmmt1lb4r004qqolq0ftv472c', 'cmmt1lb3h0036qolqbgahflon', 'cmmt1layc0022qolqah4hjn0z', '2026-03-04T20:10:02.164Z', '2026-03-16T10:30:14.714Z');
INSERT INTO "Consultation" ("id", "vitals", "comorbidities", "chiefComplaints", "diagnosis", "planOfCare", "treatmentProtocol", "recommendedSessions", "assessmentNotes", "followUp", "clientId", "consultantId", "serviceId", "date", "createdAt") VALUES ('cmmt1lbcu009mqolqbjr1bwb3', '{"weight":"92 kg","height":"155 cm","bmi":"19.9","pulse":"89 bpm","spo2":"100%","bp":"134/60 mmHg"}', '{"DM":false,"HTN":false}', 'Bilateral knee pain on stair climbing', 'Bilateral patellofemoral syndrome', 'VMO strengthening, patellar taping, activity modification', 'VMO strengthening, patellar taping, activity modification', 16, '{"rom":"Limited","strength":"3/5","painScale":"5/10","specialTests":"N/A"}', '2 weeks', 'cmmt1lb4r004qqolq0ftv472c', 'cmmt1lb38002qqolq71asohpx', 'cmmt1layd0024qolquoz2j1e7', '2025-10-31T14:38:46.124Z', '2026-03-16T10:30:14.718Z');
INSERT INTO "Consultation" ("id", "vitals", "comorbidities", "chiefComplaints", "diagnosis", "planOfCare", "treatmentProtocol", "recommendedSessions", "assessmentNotes", "followUp", "clientId", "consultantId", "serviceId", "date", "createdAt") VALUES ('cmmt1lbd1009oqolqikqc332a', '{"weight":"108 kg","height":"161 cm","bmi":"26.5","pulse":"67 bpm","spo2":"97%","bp":"123/74 mmHg"}', '{"DM":true,"HTN":false}', 'Tennis elbow (lateral epicondylitis) - right side', 'Lateral epicondylitis', 'Eccentric wrist extensor exercises + friction massage + ultrasound', 'Eccentric wrist extensor exercises + friction massage + ultrasound', 19, '{"rom":"Moderately restricted","strength":"4/5","painScale":"8/10","specialTests":"Positive Tinel''s"}', '3 weeks', 'cmmt1lb4s004sqolqn2kj45tc', 'cmmt1lb3d002yqolqygmc01k7', 'cmmt1lay7001qqolq44c3idlu', '2025-10-24T06:25:31.387Z', '2026-03-16T10:30:14.725Z');
INSERT INTO "Consultation" ("id", "vitals", "comorbidities", "chiefComplaints", "diagnosis", "planOfCare", "treatmentProtocol", "recommendedSessions", "assessmentNotes", "followUp", "clientId", "consultantId", "serviceId", "date", "createdAt") VALUES ('cmmt1lbd5009qqolqqbii2lkl', '{"weight":"103 kg","height":"185 cm","bmi":"31.4","pulse":"90 bpm","spo2":"97%","bp":"111/86 mmHg"}', '{"DM":false,"HTN":false}', 'Post-operative total hip replacement rehabilitation', 'Post-THA - good alignment, needs functional training', 'Gait training + hip abductor strengthening + functional mobility', 'Gait training + hip abductor strengthening + functional mobility', 13, '{"rom":"Moderately restricted","strength":"4/5","painScale":"6/10","specialTests":"N/A"}', '3 weeks', 'cmmt1lb4t004uqolqntu4w177', 'cmmt1lb3i0038qolqkud09mk2', 'cmmt1layc0022qolqah4hjn0z', '2026-02-14T14:37:56.762Z', '2026-03-16T10:30:14.729Z');
INSERT INTO "Consultation" ("id", "vitals", "comorbidities", "chiefComplaints", "diagnosis", "planOfCare", "treatmentProtocol", "recommendedSessions", "assessmentNotes", "followUp", "clientId", "consultantId", "serviceId", "date", "createdAt") VALUES ('cmmt1lbd9009sqolqa5i8ustd', '{"weight":"64 kg","height":"154 cm","bmi":"31.0","pulse":"88 bpm","spo2":"99%","bp":"132/69 mmHg"}', '{"DM":false,"HTN":false}', 'Plantar fasciitis - bilateral, worse in the morning', 'Bilateral plantar fasciitis with calcaneal spur', 'Calf stretching + arch support + shockwave therapy', 'Calf stretching + arch support + shockwave therapy', 15, '{"rom":"Limited","strength":"4+/5","painScale":"6/10","specialTests":"Positive SLR"}', '3 weeks', 'cmmt1lb4t004uqolqntu4w177', 'cmmt1lb3k003cqolqycij16f7', 'cmmt1laxu0018qolqauidncog', '2026-02-25T15:36:27.419Z', '2026-03-16T10:30:14.733Z');
INSERT INTO "Consultation" ("id", "vitals", "comorbidities", "chiefComplaints", "diagnosis", "planOfCare", "treatmentProtocol", "recommendedSessions", "assessmentNotes", "followUp", "clientId", "consultantId", "serviceId", "date", "createdAt") VALUES ('cmmt1lbdb009uqolq71sxgnzi', '{"weight":"81 kg","height":"158 cm","bmi":"34.2","pulse":"84 bpm","spo2":"96%","bp":"114/81 mmHg"}', '{"DM":false,"HTN":false}', 'Thoracic spine stiffness with rounded shoulders', 'Upper crossed syndrome', 'Thoracic mobilisation + scapular retraction exercises + postural taping', 'Thoracic mobilisation + scapular retraction exercises + postural taping', 20, '{"rom":"Limited","strength":"3/5","painScale":"4/10","specialTests":"Positive Neer''s"}', '1 month', 'cmmt1lb4u004wqolqr3blxn81', 'cmmt1lb3f0032qolq1ylpsiw9', 'cmmt1lax30008qolq8b004tli', '2026-01-28T13:21:36.375Z', '2026-03-16T10:30:14.736Z');

-- ─── PACKAGE (25 rows) ───
INSERT INTO "Package" ("id", "totalSessions", "completedSessions", "serviceMix", "validFrom", "validUntil", "status", "totalPrice", "discountPercent", "clientId", "consultationId", "createdAt", "updatedAt") VALUES ('cmmt1lbdf009wqolqv1aisst5', 29, 14, '[{"serviceId":"cmmt1lay8001uqolqv7wcjeyb","serviceName":"Yoga & Sound Healing / Breathwork","count":10},{"serviceId":"cmmt1lay5001oqolqjkyp885q","serviceName":"Sports / Deep Tissue Massage Home Visit (90 min)","count":10},{"serviceId":"cmmt1laye0028qolqqzwm5dn2","serviceName":"Nutrition Consultation (Senior Nutritionist)","count":9}]', '2026-01-20T11:09:56.579Z', '2026-04-20T11:09:56.579Z', 'ACTIVE', 97500, 15, 'cmmt1lb3w003kqolqmlz6s6d4', 'cmmt1lb9f007qqolq99iy0x3a', '2026-03-16T10:30:14.740Z', '2026-03-16T10:30:14.740Z');
INSERT INTO "Package" ("id", "totalSessions", "completedSessions", "serviceMix", "validFrom", "validUntil", "status", "totalPrice", "discountPercent", "clientId", "consultationId", "createdAt", "updatedAt") VALUES ('cmmt1lbdk009yqolqbt9qhg1n', 16, 1, '[{"serviceId":"cmmt1laxf000gqolq52fc4azj","serviceName":"Physiotherapy Consultation (Head Physiotherapist)","count":6},{"serviceId":"cmmt1laxy001eqolqrlggbvfh","serviceName":"Sports / Deep Tissue Massage (30 min)","count":4},{"serviceId":"cmmt1layh002gqolqgprveqoj","serviceName":"Strength & Conditioning","count":6}]', '2025-12-30T21:34:28.689Z', '2026-03-30T21:34:28.689Z', 'ACTIVE', 32720, 0, 'cmmt1lb3y003mqolqyd682odo', 'cmmt1lb9o007uqolq0d2h2n01', '2026-03-16T10:30:14.744Z', '2026-03-16T10:30:14.744Z');
INSERT INTO "Package" ("id", "totalSessions", "completedSessions", "serviceMix", "validFrom", "validUntil", "status", "totalPrice", "discountPercent", "clientId", "consultationId", "createdAt", "updatedAt") VALUES ('cmmt1lbdn00a0qolq93znuxh6', 24, 16, '[{"serviceId":"cmmt1laxo0010qolq712ltkly","serviceName":"Online Physiotherapy Session (Senior Physiotherapist)","count":7},{"serviceId":"cmmt1laxq0014qolqa2lzkg7y","serviceName":"Rehabilitation with Cupping (Senior Physiotherapist)","count":9},{"serviceId":"cmmt1layh002eqolqn912r6t3","serviceName":"Follow up Nutrition Session (Associate Nutritionist)","count":8}]', '2026-01-23T07:32:13.400Z', '2026-04-23T07:32:13.400Z', 'COMPLETED', 39500, 5, 'cmmt1lb3z003oqolq0d48kivs', 'cmmt1lb9u007yqolqccdpnv68', '2026-03-16T10:30:14.747Z', '2026-03-16T10:30:14.747Z');
INSERT INTO "Package" ("id", "totalSessions", "completedSessions", "serviceMix", "validFrom", "validUntil", "status", "totalPrice", "discountPercent", "clientId", "consultationId", "createdAt", "updatedAt") VALUES ('cmmt1lbdr00a2qolqlpyxdlr8', 8, 4, '[{"serviceId":"cmmt1lax30008qolq8b004tli","serviceName":"Medical Consultation","count":8}]', '2026-01-18T09:14:10.581Z', '2026-04-18T09:14:10.581Z', 'ACTIVE', 16000, 5, 'cmmt1lb40003qqolq1y7erw4w', 'cmmt1lba00082qolqp7qgvuqp', '2026-03-16T10:30:14.752Z', '2026-03-16T10:30:14.752Z');
INSERT INTO "Package" ("id", "totalSessions", "completedSessions", "serviceMix", "validFrom", "validUntil", "status", "totalPrice", "discountPercent", "clientId", "consultationId", "createdAt", "updatedAt") VALUES ('cmmt1lbdy00a4qolqf6tcxiws', 27, 20, '[{"serviceId":"cmmt1laxb000aqolq6ucv49ej","serviceName":"Physiotherapy Consultation & Session (Head Physiotherapist)","count":9},{"serviceId":"cmmt1laxs0016qolqdwh4trot","serviceName":"K-Taping","count":9},{"serviceId":"cmmt1laya001yqolq9lq9ormz","serviceName":"Group Yoga (Duo)","count":9}]', '2026-01-07T16:37:36.916Z', '2026-04-07T16:37:36.916Z', 'EXPIRED', 45450, 15, 'cmmt1lb42003sqolq13ohfsma', 'cmmt1lba40084qolqtf5sjdkv', '2026-03-16T10:30:14.758Z', '2026-03-16T10:30:14.758Z');
INSERT INTO "Package" ("id", "totalSessions", "completedSessions", "serviceMix", "validFrom", "validUntil", "status", "totalPrice", "discountPercent", "clientId", "consultationId", "createdAt", "updatedAt") VALUES ('cmmt1lbe500a6qolq41o8yt5q', 10, 5, '[{"serviceId":"cmmt1laxl000sqolql6pmteso","serviceName":"Physiotherapy Session (Senior Physiotherapist)","count":10}]', '2026-01-24T00:05:55.933Z', '2026-04-24T00:05:55.933Z', 'ACTIVE', 18000, 0, 'cmmt1lb43003uqolqdj1vbjuh', 'cmmt1lba70086qolq8nfva7qd', '2026-03-16T10:30:14.765Z', '2026-03-16T10:30:14.765Z');
INSERT INTO "Package" ("id", "totalSessions", "completedSessions", "serviceMix", "validFrom", "validUntil", "status", "totalPrice", "discountPercent", "clientId", "consultationId", "createdAt", "updatedAt") VALUES ('cmmt1lbe800a8qolqxwl7f21w', 18, 4, '[{"serviceId":"cmmt1laxh000kqolqzamlqdtp","serviceName":"Online Physiotherapy Session (Head Physiotherapist)","count":5},{"serviceId":"cmmt1lay4001mqolqr0ajh6lz","serviceName":"Sports / Deep Tissue Massage Home Visit (60 min)","count":7},{"serviceId":"cmmt1laxz001gqolqn0yuifre","serviceName":"Sports / Deep Tissue Massage (60 min)","count":6}]', '2025-11-12T00:45:40.701Z', '2026-02-10T00:45:40.701Z', 'ACTIVE', 43800, 0, 'cmmt1lb44003wqolqz67bcwna', 'cmmt1lbaa0088qolqxlha8n3x', '2026-03-16T10:30:14.768Z', '2026-03-16T10:30:14.768Z');
INSERT INTO "Package" ("id", "totalSessions", "completedSessions", "serviceMix", "validFrom", "validUntil", "status", "totalPrice", "discountPercent", "clientId", "consultationId", "createdAt", "updatedAt") VALUES ('cmmt1lbec00aaqolqmtqic9dp', 9, 9, '[{"serviceId":"cmmt1laxk000qqolqho4ph8yf","serviceName":"Physiotherapy Consultation & Session (Senior Physiotherapist)","count":9}]', '2026-01-07T07:49:24.271Z', '2026-04-07T07:49:24.271Z', 'COMPLETED', 18000, 15, 'cmmt1lb46003yqolq8hjrmwsl', 'cmmt1lbaq008cqolqs7ozh8i7', '2026-03-16T10:30:14.773Z', '2026-03-16T10:30:14.773Z');
INSERT INTO "Package" ("id", "totalSessions", "completedSessions", "serviceMix", "validFrom", "validUntil", "status", "totalPrice", "discountPercent", "clientId", "consultationId", "createdAt", "updatedAt") VALUES ('cmmt1lbef00acqolqnbwh7bhv', 14, 14, '[{"serviceId":"cmmt1lay8001uqolqv7wcjeyb","serviceName":"Yoga & Sound Healing / Breathwork","count":5},{"serviceId":"cmmt1laxs0016qolqdwh4trot","serviceName":"K-Taping","count":9}]', '2026-01-24T08:24:04.547Z', '2026-04-24T08:24:04.547Z', 'COMPLETED', 16400, 10, 'cmmt1lb470040qolqbd9asgqd', 'cmmt1lbax008gqolqcoq534w6', '2026-03-16T10:30:14.775Z', '2026-03-16T10:30:14.775Z');
INSERT INTO "Package" ("id", "totalSessions", "completedSessions", "serviceMix", "validFrom", "validUntil", "status", "totalPrice", "discountPercent", "clientId", "consultationId", "createdAt", "updatedAt") VALUES ('cmmt1lbes00aeqolqodfb2rym', 22, 9, '[{"serviceId":"cmmt1laxl000sqolql6pmteso","serviceName":"Physiotherapy Session (Senior Physiotherapist)","count":6},{"serviceId":"cmmt1laya001yqolq9lq9ormz","serviceName":"Group Yoga (Duo)","count":8},{"serviceId":"cmmt1laxe000eqolqd3x7c48e","serviceName":"Rehabilitation Session (Head Physiotherapist)","count":8}]', '2025-11-17T01:01:12.292Z', '2026-02-15T01:01:12.292Z', 'EXPIRED', 39200, 5, 'cmmt1lb490042qolqy8y975yv', 'cmmt1lbb2008iqolqqu17s88t', '2026-03-16T10:30:14.788Z', '2026-03-16T10:30:14.788Z');
INSERT INTO "Package" ("id", "totalSessions", "completedSessions", "serviceMix", "validFrom", "validUntil", "status", "totalPrice", "discountPercent", "clientId", "consultationId", "createdAt", "updatedAt") VALUES ('cmmt1lbev00agqolqupfi2tkq', 20, 14, '[{"serviceId":"cmmt1laya001yqolq9lq9ormz","serviceName":"Group Yoga (Duo)","count":10},{"serviceId":"cmmt1laxf000gqolq52fc4azj","serviceName":"Physiotherapy Consultation (Head Physiotherapist)","count":6},{"serviceId":"cmmt1laxx001cqolq96ce6ig0","serviceName":"K-Taping / Dry Needling / Therapeutic Ultrasound","count":4}]', '2026-01-04T01:14:01.904Z', '2026-04-04T01:14:01.904Z', 'ACTIVE', 32500, 0, 'cmmt1lb4c0044qolqalxlhx3a', 'cmmt1lbb7008mqolqga9spgsn', '2026-03-16T10:30:14.791Z', '2026-03-16T10:30:14.791Z');
INSERT INTO "Package" ("id", "totalSessions", "completedSessions", "serviceMix", "validFrom", "validUntil", "status", "totalPrice", "discountPercent", "clientId", "consultationId", "createdAt", "updatedAt") VALUES ('cmmt1lbez00aiqolqq0cxui1c', 14, 1, '[{"serviceId":"cmmt1laxg000iqolqlnwuvzge","serviceName":"Physiotherapy Home Visit (Head Physiotherapist)","count":8},{"serviceId":"cmmt1lay7001sqolqodamauy1","serviceName":"Yoga & Sound Bath","count":6}]', '2025-12-11T20:52:48.291Z', '2026-03-11T20:52:48.291Z', 'ACTIVE', 47400, 0, 'cmmt1lb4f0046qolqhpaqh1z4', 'cmmt1lbbe008qqolqi8w4xg1o', '2026-03-16T10:30:14.795Z', '2026-03-16T10:30:14.795Z');
INSERT INTO "Package" ("id", "totalSessions", "completedSessions", "serviceMix", "validFrom", "validUntil", "status", "totalPrice", "discountPercent", "clientId", "consultationId", "createdAt", "updatedAt") VALUES ('cmmt1lbf200akqolqdfogi8dn', 15, 12, '[{"serviceId":"cmmt1laxk000qqolqho4ph8yf","serviceName":"Physiotherapy Consultation & Session (Senior Physiotherapist)","count":6},{"serviceId":"cmmt1laxx001cqolq96ce6ig0","serviceName":"K-Taping / Dry Needling / Therapeutic Ultrasound","count":9}]', '2026-01-03T05:26:49.004Z', '2026-04-03T05:26:49.004Z', 'ACTIVE', 25500, 15, 'cmmt1lb4g0048qolqxymdgw1v', 'cmmt1lbbg008sqolq95l4mvmb', '2026-03-16T10:30:14.799Z', '2026-03-16T10:30:14.799Z');
INSERT INTO "Package" ("id", "totalSessions", "completedSessions", "serviceMix", "validFrom", "validUntil", "status", "totalPrice", "discountPercent", "clientId", "consultationId", "createdAt", "updatedAt") VALUES ('cmmt1lbf500amqolql4q148mf', 4, 3, '[{"serviceId":"cmmt1layb0020qolqaqtk0mvf","serviceName":"Group Yoga (Trio)","count":4}]', '2025-11-26T14:37:33.156Z', '2026-02-24T14:37:33.156Z', 'ACTIVE', 6000, 5, 'cmmt1lb4h004aqolqmv5u0ztt', 'cmmt1lbbn008wqolqf4i5oiuy', '2026-03-16T10:30:14.801Z', '2026-03-16T10:30:14.801Z');
INSERT INTO "Package" ("id", "totalSessions", "completedSessions", "serviceMix", "validFrom", "validUntil", "status", "totalPrice", "discountPercent", "clientId", "consultationId", "createdAt", "updatedAt") VALUES ('cmmt1lbfd00aoqolq5ylseq5p', 7, 6, '[{"serviceId":"cmmt1laxq0014qolqa2lzkg7y","serviceName":"Rehabilitation with Cupping (Senior Physiotherapist)","count":7}]', '2025-12-20T12:58:22.180Z', '2026-03-20T12:58:22.180Z', 'ACTIVE', 10500, 10, 'cmmt1lb4i004cqolqju0t1oqm', 'cmmt1lbbr008yqolqdctzmwcp', '2026-03-16T10:30:14.810Z', '2026-03-16T10:30:14.810Z');
INSERT INTO "Package" ("id", "totalSessions", "completedSessions", "serviceMix", "validFrom", "validUntil", "status", "totalPrice", "discountPercent", "clientId", "consultationId", "createdAt", "updatedAt") VALUES ('cmmt1lbfg00aqqolqbc8fg2hn', 18, 14, '[{"serviceId":"cmmt1lay9001wqolqyt8v8oq1","serviceName":"Wellness Yoga (with Sound Bath & Breathwork)","count":10},{"serviceId":"cmmt1lay7001sqolqodamauy1","serviceName":"Yoga & Sound Bath","count":8}]', '2026-01-03T08:55:14.099Z', '2026-04-03T08:55:14.099Z', 'ACTIVE', 40200, 0, 'cmmt1lb4j004eqolqd4y4qeaj', 'cmmt1lbbx0092qolq2gygdlsx', '2026-03-16T10:30:14.813Z', '2026-03-16T10:30:14.813Z');
INSERT INTO "Package" ("id", "totalSessions", "completedSessions", "serviceMix", "validFrom", "validUntil", "status", "totalPrice", "discountPercent", "clientId", "consultationId", "createdAt", "updatedAt") VALUES ('cmmt1lbfm00asqolqo6je4oyj', 19, 14, '[{"serviceId":"cmmt1laxj000oqolq7oehfoc1","serviceName":"Rehabilitation with Cupping (Head Physiotherapist)","count":4},{"serviceId":"cmmt1laxh000kqolqzamlqdtp","serviceName":"Online Physiotherapy Session (Head Physiotherapist)","count":9},{"serviceId":"cmmt1laxk000qqolqho4ph8yf","serviceName":"Physiotherapy Consultation & Session (Senior Physiotherapist)","count":6}]', '2025-12-05T19:26:20.796Z', '2026-03-05T19:26:20.796Z', 'COMPLETED', 32700, 10, 'cmmt1lb4l004gqolq6kclwyhl', 'cmmt1lbc40096qolqi89m76po', '2026-03-16T10:30:14.818Z', '2026-03-16T10:30:14.818Z');
INSERT INTO "Package" ("id", "totalSessions", "completedSessions", "serviceMix", "validFrom", "validUntil", "status", "totalPrice", "discountPercent", "clientId", "consultationId", "createdAt", "updatedAt") VALUES ('cmmt1lbfr00auqolq55hk2fg6', 13, 11, '[{"serviceId":"cmmt1laxj000oqolq7oehfoc1","serviceName":"Rehabilitation with Cupping (Head Physiotherapist)","count":5},{"serviceId":"cmmt1lay7001sqolqodamauy1","serviceName":"Yoga & Sound Bath","count":8}]', '2025-11-05T06:18:20.255Z', '2026-02-03T06:18:20.255Z', 'ACTIVE', 24200, 15, 'cmmt1lb4m004iqolqepw4h89q', 'cmmt1lbc60098qolqov3hc2oq', '2026-03-16T10:30:14.823Z', '2026-03-16T10:30:14.823Z');
INSERT INTO "Package" ("id", "totalSessions", "completedSessions", "serviceMix", "validFrom", "validUntil", "status", "totalPrice", "discountPercent", "clientId", "consultationId", "createdAt", "updatedAt") VALUES ('cmmt1lbfx00awqolq3ijq1eyt', 6, 4, '[{"serviceId":"cmmt1layc0022qolqah4hjn0z","serviceName":"Integrated Counselling","count":6}]', '2025-12-31T13:01:21.184Z', '2026-03-31T13:01:21.184Z', 'ACTIVE', 15600, 10, 'cmmt1lb4n004kqolqvxmfpewp', 'cmmt1lbcb009aqolq1q4wtwb1', '2026-03-16T10:30:14.829Z', '2026-03-16T10:30:14.829Z');
INSERT INTO "Package" ("id", "totalSessions", "completedSessions", "serviceMix", "validFrom", "validUntil", "status", "totalPrice", "discountPercent", "clientId", "consultationId", "createdAt", "updatedAt") VALUES ('cmmt1lbfz00ayqolqqlbl09aj', 7, 2, '[{"serviceId":"cmmt1lay8001uqolqv7wcjeyb","serviceName":"Yoga & Sound Healing / Breathwork","count":7}]', '2026-01-19T09:51:10.217Z', '2026-04-19T09:51:10.217Z', 'COMPLETED', 15400, 0, 'cmmt1lb4o004mqolqp03wmxxj', 'cmmt1lbce009cqolqoxcntk7w', '2026-03-16T10:30:14.831Z', '2026-03-16T10:30:14.831Z');
INSERT INTO "Package" ("id", "totalSessions", "completedSessions", "serviceMix", "validFrom", "validUntil", "status", "totalPrice", "discountPercent", "clientId", "consultationId", "createdAt", "updatedAt") VALUES ('cmmt1lbg200b0qolqv90dzf6m', 16, 15, '[{"serviceId":"cmmt1layg002cqolqkc4f3vqv","serviceName":"Nutrition Consultation (Associate Nutritionist)","count":7},{"serviceId":"cmmt1laye0028qolqqzwm5dn2","serviceName":"Nutrition Consultation (Senior Nutritionist)","count":9}]', '2026-01-31T19:59:51.082Z', '2026-05-01T19:59:51.082Z', 'COMPLETED', 51100, 0, 'cmmt1lb4p004oqolq8k8aut4n', 'cmmt1lbck009gqolqzuq9ci4d', '2026-03-16T10:30:14.834Z', '2026-03-16T10:30:14.834Z');
INSERT INTO "Package" ("id", "totalSessions", "completedSessions", "serviceMix", "validFrom", "validUntil", "status", "totalPrice", "discountPercent", "clientId", "consultationId", "createdAt", "updatedAt") VALUES ('cmmt1lbg400b2qolqkpzvc3dc', 16, 5, '[{"serviceId":"cmmt1lay9001wqolqyt8v8oq1","serviceName":"Wellness Yoga (with Sound Bath & Breathwork)","count":4},{"serviceId":"cmmt1lay7001sqolqodamauy1","serviceName":"Yoga & Sound Bath","count":8},{"serviceId":"cmmt1laxw001aqolq9jjonzqb","serviceName":"Therapeutic Ultrasound","count":4}]', '2025-11-02T00:03:04.526Z', '2026-01-31T00:03:04.526Z', 'ACTIVE', 29200, 5, 'cmmt1lb4r004qqolq0ftv472c', 'cmmt1lbcp009kqolq6pkngzzp', '2026-03-16T10:30:14.837Z', '2026-03-16T10:30:14.837Z');
INSERT INTO "Package" ("id", "totalSessions", "completedSessions", "serviceMix", "validFrom", "validUntil", "status", "totalPrice", "discountPercent", "clientId", "consultationId", "createdAt", "updatedAt") VALUES ('cmmt1lbg600b4qolqtlzm9apc', 21, 14, '[{"serviceId":"cmmt1laxf000gqolq52fc4azj","serviceName":"Physiotherapy Consultation (Head Physiotherapist)","count":8},{"serviceId":"cmmt1laya001yqolq9lq9ormz","serviceName":"Group Yoga (Duo)","count":8},{"serviceId":"cmmt1lay7001qqolq44c3idlu","serviceName":"Specialised Yoga","count":5}]', '2026-01-17T14:20:44.586Z', '2026-04-17T14:20:44.586Z', 'EXPIRED', 42000, 10, 'cmmt1lb4s004sqolqn2kj45tc', 'cmmt1lbd1009oqolqikqc332a', '2026-03-16T10:30:14.839Z', '2026-03-16T10:30:14.839Z');
INSERT INTO "Package" ("id", "totalSessions", "completedSessions", "serviceMix", "validFrom", "validUntil", "status", "totalPrice", "discountPercent", "clientId", "consultationId", "createdAt", "updatedAt") VALUES ('cmmt1lbg900b6qolqocr2q0cs', 7, 1, '[{"serviceId":"cmmt1laxi000mqolq5tgxx6j3","serviceName":"Cupping (Head Physiotherapist)","count":7}]', '2026-01-16T21:44:41.454Z', '2026-04-16T21:44:41.454Z', 'ACTIVE', 15400, 5, 'cmmt1lb4t004uqolqntu4w177', 'cmmt1lbd5009qqolqqbii2lkl', '2026-03-16T10:30:14.842Z', '2026-03-16T10:30:14.842Z');
INSERT INTO "Package" ("id", "totalSessions", "completedSessions", "serviceMix", "validFrom", "validUntil", "status", "totalPrice", "discountPercent", "clientId", "consultationId", "createdAt", "updatedAt") VALUES ('cmmt1lbgc00b8qolqoa3qaeez', 24, 12, '[{"serviceId":"cmmt1laxs0016qolqdwh4trot","serviceName":"K-Taping","count":9},{"serviceId":"cmmt1laye0026qolqjxzb8xbp","serviceName":"Emotional Healing & Behavioural Change Counselling","count":9},{"serviceId":"cmmt1lay9001wqolqyt8v8oq1","serviceName":"Wellness Yoga (with Sound Bath & Breathwork)","count":6}]', '2026-01-23T19:44:19.992Z', '2026-04-23T19:44:19.992Z', 'COMPLETED', 47400, 5, 'cmmt1lb4u004wqolqr3blxn81', 'cmmt1lbdb009uqolq71sxgnzi', '2026-03-16T10:30:14.844Z', '2026-03-16T10:30:14.844Z');

-- ─── SESSION (117 rows) ───
INSERT INTO "Session" ("id", "sessionDate", "treatmentNotes", "progressUpdates", "status", "packageId", "clientId", "therapistId", "serviceId", "centreId", "createdAt", "updatedAt") VALUES ('cmmt1lbgg00baqolqzxmu08et', '2026-01-07T19:21:38.867Z', 'Functional training session. Patient able to perform ADLs without pain.', 'Excellent compliance. Ahead of expected recovery timeline.', 'COMPLETED', 'cmmt1lbdf009wqolqv1aisst5', 'cmmt1lb3w003kqolqmlz6s6d4', 'cmmt1lb3b002uqolq1qzsk1jy', 'cmmt1laxd000cqolqqn4vxyui', 'mbd-mumbai-hq', '2026-03-16T10:30:14.848Z', '2026-03-16T10:30:14.848Z');
INSERT INTO "Session" ("id", "sessionDate", "treatmentNotes", "progressUpdates", "status", "packageId", "clientId", "therapistId", "serviceId", "centreId", "createdAt", "updatedAt") VALUES ('cmmt1lbgj00bcqolqjz8sogf6', '2026-02-02T05:25:33.050Z', 'Progressive resistance training. Increased load by 10%. Tolerated well.', 'Improving steadily. On track for discharge by session 12.', 'COMPLETED', 'cmmt1lbdf009wqolqv1aisst5', 'cmmt1lb3w003kqolqmlz6s6d4', 'cmmt1lb37002oqolqa95gvw33', 'cmmt1layb0020qolqaqtk0mvf', 'mbd-mumbai-hq', '2026-03-16T10:30:14.851Z', '2026-03-16T10:30:14.851Z');
INSERT INTO "Session" ("id", "sessionDate", "treatmentNotes", "progressUpdates", "status", "packageId", "clientId", "therapistId", "serviceId", "centreId", "createdAt", "updatedAt") VALUES ('cmmt1lbgo00beqolqaa2yo6q4', '2025-12-09T22:40:52.099Z', 'Session focused on core stability exercises. Patient compliant with HEP.', 'Moderate progress. May need additional sessions beyond initial plan.', 'COMPLETED', 'cmmt1lbdf009wqolqv1aisst5', 'cmmt1lb3w003kqolqmlz6s6d4', 'cmmt1lb3n003gqolqn0ruy5fc', 'cmmt1laxo000yqolqdr72xpua', 'mbd-mumbai-hq', '2026-03-16T10:30:14.857Z', '2026-03-16T10:30:14.857Z');
INSERT INTO "Session" ("id", "sessionDate", "treatmentNotes", "progressUpdates", "status", "packageId", "clientId", "therapistId", "serviceId", "centreId", "createdAt", "updatedAt") VALUES ('cmmt1lbgr00bgqolqhg4cnu5s', '2025-12-27T05:35:00.637Z', 'Progressive resistance training. Increased load by 10%. Tolerated well.', 'Moderate progress. May need additional sessions beyond initial plan.', 'COMPLETED', 'cmmt1lbdf009wqolqv1aisst5', 'cmmt1lb3w003kqolqmlz6s6d4', 'cmmt1lb37002oqolqa95gvw33', 'cmmt1laya001yqolq9lq9ormz', 'mbd-mumbai-hq', '2026-03-16T10:30:14.860Z', '2026-03-16T10:30:14.860Z');
INSERT INTO "Session" ("id", "sessionDate", "treatmentNotes", "progressUpdates", "status", "packageId", "clientId", "therapistId", "serviceId", "centreId", "createdAt", "updatedAt") VALUES ('cmmt1lbgv00biqolq5989b82i', '2026-02-26T11:13:49.373Z', NULL, NULL, 'NO_SHOW', 'cmmt1lbdf009wqolqv1aisst5', 'cmmt1lb3w003kqolqmlz6s6d4', 'cmmt1lb3k003cqolqycij16f7', 'cmmt1laxs0016qolqdwh4trot', 'mbd-mumbai-hq', '2026-03-16T10:30:14.863Z', '2026-03-16T10:30:14.863Z');
INSERT INTO "Session" ("id", "sessionDate", "treatmentNotes", "progressUpdates", "status", "packageId", "clientId", "therapistId", "serviceId", "centreId", "createdAt", "updatedAt") VALUES ('cmmt1lbh700bkqolqgzwr35hz', '2026-01-13T01:28:59.935Z', NULL, NULL, 'NO_SHOW', 'cmmt1lbdf009wqolqv1aisst5', 'cmmt1lb3w003kqolqmlz6s6d4', 'cmmt1lb3j003aqolqrdhrar8d', 'cmmt1laxo000yqolqdr72xpua', 'mbd-mumbai-hq', '2026-03-16T10:30:14.876Z', '2026-03-16T10:30:14.876Z');
INSERT INTO "Session" ("id", "sessionDate", "treatmentNotes", "progressUpdates", "status", "packageId", "clientId", "therapistId", "serviceId", "centreId", "createdAt", "updatedAt") VALUES ('cmmt1lbhc00bmqolq1qknt8kg', '2026-01-20T22:37:47.018Z', NULL, NULL, 'SCHEDULED', 'cmmt1lbdk009yqolqbt9qhg1n', 'cmmt1lb3y003mqolqyd682odo', 'cmmt1lb37002oqolqa95gvw33', 'cmmt1lay7001sqolqodamauy1', 'mbd-mumbai-hq', '2026-03-16T10:30:14.880Z', '2026-03-16T10:30:14.880Z');
INSERT INTO "Session" ("id", "sessionDate", "treatmentNotes", "progressUpdates", "status", "packageId", "clientId", "therapistId", "serviceId", "centreId", "createdAt", "updatedAt") VALUES ('cmmt1lbhq00boqolqa8qzlc2o', '2026-01-22T19:00:33.440Z', NULL, NULL, 'NO_SHOW', 'cmmt1lbdk009yqolqbt9qhg1n', 'cmmt1lb3y003mqolqyd682odo', 'cmmt1lb38002qqolq71asohpx', 'cmmt1lay2001kqolqskitazpt', 'mbd-mumbai-hq', '2026-03-16T10:30:14.894Z', '2026-03-16T10:30:14.894Z');
INSERT INTO "Session" ("id", "sessionDate", "treatmentNotes", "progressUpdates", "status", "packageId", "clientId", "therapistId", "serviceId", "centreId", "createdAt", "updatedAt") VALUES ('cmmt1lbhz00bqqolqnd3lhd0w', '2025-12-29T18:48:18.488Z', 'Functional training session. Patient able to perform ADLs without pain.', 'Excellent compliance. Ahead of expected recovery timeline.', 'COMPLETED', 'cmmt1lbdk009yqolqbt9qhg1n', 'cmmt1lb3y003mqolqyd682odo', 'cmmt1lb37002oqolqa95gvw33', 'cmmt1layd0024qolquoz2j1e7', 'mbd-mumbai-hq', '2026-03-16T10:30:14.903Z', '2026-03-16T10:30:14.903Z');
INSERT INTO "Session" ("id", "sessionDate", "treatmentNotes", "progressUpdates", "status", "packageId", "clientId", "therapistId", "serviceId", "centreId", "createdAt", "updatedAt") VALUES ('cmmt1lbi100bsqolqvfx3z53z', '2026-04-07T14:11:21.871Z', NULL, NULL, 'SCHEDULED', 'cmmt1lbdn00a0qolq93znuxh6', 'cmmt1lb3z003oqolq0d48kivs', 'cmmt1lb3g0034qolq3f85armj', 'cmmt1laxf000gqolq52fc4azj', 'mbd-mumbai-hq', '2026-03-16T10:30:14.905Z', '2026-03-16T10:30:14.905Z');
INSERT INTO "Session" ("id", "sessionDate", "treatmentNotes", "progressUpdates", "status", "packageId", "clientId", "therapistId", "serviceId", "centreId", "createdAt", "updatedAt") VALUES ('cmmt1lbi500buqolqtsigp0hu', '2026-01-01T14:52:38.811Z', 'Functional training session. Patient able to perform ADLs without pain.', 'Improving steadily. On track for discharge by session 12.', 'COMPLETED', 'cmmt1lbdn00a0qolq93znuxh6', 'cmmt1lb3z003oqolq0d48kivs', 'cmmt1lb3b002uqolq1qzsk1jy', 'cmmt1lax30008qolq8b004tli', 'mbd-mumbai-hq', '2026-03-16T10:30:14.910Z', '2026-03-16T10:30:14.910Z');
INSERT INTO "Session" ("id", "sessionDate", "treatmentNotes", "progressUpdates", "status", "packageId", "clientId", "therapistId", "serviceId", "centreId", "createdAt", "updatedAt") VALUES ('cmmt1lbi800bwqolq66tmkkaz', '2026-01-28T19:38:50.297Z', NULL, NULL, 'CANCELLED', 'cmmt1lbdn00a0qolq93znuxh6', 'cmmt1lb3z003oqolq0d48kivs', 'cmmt1lb3o003iqolq2zuldo8e', 'cmmt1laxm000uqolqrmak3udi', 'mbd-mumbai-hq', '2026-03-16T10:30:14.913Z', '2026-03-16T10:30:14.913Z');
INSERT INTO "Session" ("id", "sessionDate", "treatmentNotes", "progressUpdates", "status", "packageId", "clientId", "therapistId", "serviceId", "centreId", "createdAt", "updatedAt") VALUES ('cmmt1lbic00byqolqusmrr834', '2025-12-02T02:12:45.419Z', 'Functional training session. Patient able to perform ADLs without pain.', 'Excellent compliance. Ahead of expected recovery timeline.', 'COMPLETED', 'cmmt1lbdn00a0qolq93znuxh6', 'cmmt1lb3z003oqolq0d48kivs', 'cmmt1lb3g0034qolq3f85armj', 'cmmt1laye0028qolqqzwm5dn2', 'mbd-mumbai-hq', '2026-03-16T10:30:14.916Z', '2026-03-16T10:30:14.916Z');
INSERT INTO "Session" ("id", "sessionDate", "treatmentNotes", "progressUpdates", "status", "packageId", "clientId", "therapistId", "serviceId", "centreId", "createdAt", "updatedAt") VALUES ('cmmt1lbif00c0qolqk7s29kyk', '2026-04-13T00:18:49.051Z', NULL, NULL, 'SCHEDULED', 'cmmt1lbdr00a2qolqlpyxdlr8', 'cmmt1lb40003qqolq1y7erw4w', 'cmmt1lb3g0034qolq3f85armj', 'cmmt1laye0026qolqjxzb8xbp', 'mbd-mumbai-hq', '2026-03-16T10:30:14.919Z', '2026-03-16T10:30:14.919Z');
INSERT INTO "Session" ("id", "sessionDate", "treatmentNotes", "progressUpdates", "status", "packageId", "clientId", "therapistId", "serviceId", "centreId", "createdAt", "updatedAt") VALUES ('cmmt1lbii00c2qolqeg47o5gd', '2026-01-08T09:39:21.914Z', 'Functional training session. Patient able to perform ADLs without pain.', 'Slight setback due to flare-up. Adjusted intensity for next session.', 'COMPLETED', 'cmmt1lbdr00a2qolqlpyxdlr8', 'cmmt1lb40003qqolq1y7erw4w', 'cmmt1lb3e0030qolqpkgsfnqh', 'cmmt1layf002aqolqr765jq7e', 'mbd-mumbai-hq', '2026-03-16T10:30:14.922Z', '2026-03-16T10:30:14.922Z');
INSERT INTO "Session" ("id", "sessionDate", "treatmentNotes", "progressUpdates", "status", "packageId", "clientId", "therapistId", "serviceId", "centreId", "createdAt", "updatedAt") VALUES ('cmmt1lbin00c4qolqumq26wni', '2026-02-18T22:00:26.211Z', 'Session focused on core stability exercises. Patient compliant with HEP.', 'Good functional improvement. Planning gradual return to sport.', 'COMPLETED', 'cmmt1lbdr00a2qolqlpyxdlr8', 'cmmt1lb40003qqolq1y7erw4w', 'cmmt1lb3k003cqolqycij16f7', 'cmmt1laxn000wqolqlsn4kzr1', 'mbd-mumbai-hq', '2026-03-16T10:30:14.927Z', '2026-03-16T10:30:14.927Z');
INSERT INTO "Session" ("id", "sessionDate", "treatmentNotes", "progressUpdates", "status", "packageId", "clientId", "therapistId", "serviceId", "centreId", "createdAt", "updatedAt") VALUES ('cmmt1lbiq00c6qolqfsdl1nlb', '2026-01-29T05:14:37.287Z', NULL, NULL, 'NO_SHOW', 'cmmt1lbdr00a2qolqlpyxdlr8', 'cmmt1lb40003qqolq1y7erw4w', 'cmmt1lb3k003cqolqycij16f7', 'cmmt1laxm000uqolqrmak3udi', 'mbd-mumbai-hq', '2026-03-16T10:30:14.930Z', '2026-03-16T10:30:14.930Z');
INSERT INTO "Session" ("id", "sessionDate", "treatmentNotes", "progressUpdates", "status", "packageId", "clientId", "therapistId", "serviceId", "centreId", "createdAt", "updatedAt") VALUES ('cmmt1lbis00c8qolqv848ejyf', '2026-02-04T00:53:37.804Z', 'Session focused on core stability exercises. Patient compliant with HEP.', 'Slight setback due to flare-up. Adjusted intensity for next session.', 'COMPLETED', 'cmmt1lbdr00a2qolqlpyxdlr8', 'cmmt1lb40003qqolq1y7erw4w', 'cmmt1lb3d002yqolqygmc01k7', 'cmmt1lay7001sqolqodamauy1', 'mbd-mumbai-hq', '2026-03-16T10:30:14.933Z', '2026-03-16T10:30:14.933Z');
INSERT INTO "Session" ("id", "sessionDate", "treatmentNotes", "progressUpdates", "status", "packageId", "clientId", "therapistId", "serviceId", "centreId", "createdAt", "updatedAt") VALUES ('cmmt1lbiv00caqolq5hydyn3s', '2026-03-13T00:48:24.311Z', 'Functional training session. Patient able to perform ADLs without pain.', 'Improving steadily. On track for discharge by session 12.', 'COMPLETED', 'cmmt1lbdr00a2qolqlpyxdlr8', 'cmmt1lb40003qqolq1y7erw4w', 'cmmt1lb3l003eqolqm26b5ij4', 'cmmt1laxq0014qolqa2lzkg7y', 'mbd-mumbai-hq', '2026-03-16T10:30:14.935Z', '2026-03-16T10:30:14.935Z');
INSERT INTO "Session" ("id", "sessionDate", "treatmentNotes", "progressUpdates", "status", "packageId", "clientId", "therapistId", "serviceId", "centreId", "createdAt", "updatedAt") VALUES ('cmmt1lbiy00ccqolqb2uup9oy', '2026-03-27T12:58:55.266Z', NULL, NULL, 'SCHEDULED', 'cmmt1lbdy00a4qolqf6tcxiws', 'cmmt1lb42003sqolq13ohfsma', 'cmmt1lb3d002yqolqygmc01k7', 'cmmt1laxm000uqolqrmak3udi', 'mbd-mumbai-hq', '2026-03-16T10:30:14.939Z', '2026-03-16T10:30:14.939Z');
INSERT INTO "Session" ("id", "sessionDate", "treatmentNotes", "progressUpdates", "status", "packageId", "clientId", "therapistId", "serviceId", "centreId", "createdAt", "updatedAt") VALUES ('cmmt1lbj100ceqolq5fkejg3g', '2026-02-27T03:54:50.335Z', NULL, NULL, 'CANCELLED', 'cmmt1lbdy00a4qolqf6tcxiws', 'cmmt1lb42003sqolq13ohfsma', 'cmmt1lb3n003gqolqn0ruy5fc', 'cmmt1laxx001cqolq96ce6ig0', 'mbd-mumbai-hq', '2026-03-16T10:30:14.942Z', '2026-03-16T10:30:14.942Z');
INSERT INTO "Session" ("id", "sessionDate", "treatmentNotes", "progressUpdates", "status", "packageId", "clientId", "therapistId", "serviceId", "centreId", "createdAt", "updatedAt") VALUES ('cmmt1lbj900cgqolq87ve1py7', '2026-04-11T18:38:34.387Z', NULL, NULL, 'SCHEDULED', 'cmmt1lbdy00a4qolqf6tcxiws', 'cmmt1lb42003sqolq13ohfsma', 'cmmt1lb3d002yqolqygmc01k7', 'cmmt1laxk000qqolqho4ph8yf', 'mbd-mumbai-hq', '2026-03-16T10:30:14.949Z', '2026-03-16T10:30:14.949Z');
INSERT INTO "Session" ("id", "sessionDate", "treatmentNotes", "progressUpdates", "status", "packageId", "clientId", "therapistId", "serviceId", "centreId", "createdAt", "updatedAt") VALUES ('cmmt1lbjd00ciqolquz86471h', '2025-12-05T18:13:06.332Z', NULL, NULL, 'SCHEDULED', 'cmmt1lbe500a6qolq41o8yt5q', 'cmmt1lb43003uqolqdj1vbjuh', 'cmmt1lb3o003iqolq2zuldo8e', 'cmmt1laxf000gqolq52fc4azj', 'mbd-mumbai-hq', '2026-03-16T10:30:14.954Z', '2026-03-16T10:30:14.954Z');
INSERT INTO "Session" ("id", "sessionDate", "treatmentNotes", "progressUpdates", "status", "packageId", "clientId", "therapistId", "serviceId", "centreId", "createdAt", "updatedAt") VALUES ('cmmt1lbjg00ckqolq1tlgtfit', '2025-12-17T04:56:45.939Z', NULL, NULL, 'NO_SHOW', 'cmmt1lbe500a6qolq41o8yt5q', 'cmmt1lb43003uqolqdj1vbjuh', 'cmmt1lb3e0030qolqpkgsfnqh', 'cmmt1laxs0016qolqdwh4trot', 'mbd-mumbai-hq', '2026-03-16T10:30:14.957Z', '2026-03-16T10:30:14.957Z');
INSERT INTO "Session" ("id", "sessionDate", "treatmentNotes", "progressUpdates", "status", "packageId", "clientId", "therapistId", "serviceId", "centreId", "createdAt", "updatedAt") VALUES ('cmmt1lbjk00cmqolqe1ltjxix', '2025-12-23T18:19:21.452Z', 'Patient responded well to treatment. Pain reduced from 7/10 to 4/10.', 'Excellent compliance. Ahead of expected recovery timeline.', 'COMPLETED', 'cmmt1lbe500a6qolq41o8yt5q', 'cmmt1lb43003uqolqdj1vbjuh', 'cmmt1lb3i0038qolqkud09mk2', 'cmmt1laxz001gqolqn0yuifre', 'mbd-mumbai-hq', '2026-03-16T10:30:14.960Z', '2026-03-16T10:30:14.960Z');
INSERT INTO "Session" ("id", "sessionDate", "treatmentNotes", "progressUpdates", "status", "packageId", "clientId", "therapistId", "serviceId", "centreId", "createdAt", "updatedAt") VALUES ('cmmt1lbjn00coqolqaxo2fgcp', '2025-12-02T23:37:31.033Z', NULL, NULL, 'NO_SHOW', 'cmmt1lbe500a6qolq41o8yt5q', 'cmmt1lb43003uqolqdj1vbjuh', 'cmmt1lb39002sqolq0p2gysnk', 'cmmt1lax30008qolq8b004tli', 'mbd-mumbai-hq', '2026-03-16T10:30:14.963Z', '2026-03-16T10:30:14.963Z');
INSERT INTO "Session" ("id", "sessionDate", "treatmentNotes", "progressUpdates", "status", "packageId", "clientId", "therapistId", "serviceId", "centreId", "createdAt", "updatedAt") VALUES ('cmmt1lbjr00cqqolqv1irwhxg', '2026-02-22T22:55:00.387Z', NULL, NULL, 'NO_SHOW', 'cmmt1lbe800a8qolqxwl7f21w', 'cmmt1lb44003wqolqz67bcwna', 'cmmt1lb3j003aqolqrdhrar8d', 'cmmt1laxi000mqolq5tgxx6j3', 'mbd-mumbai-hq', '2026-03-16T10:30:14.967Z', '2026-03-16T10:30:14.967Z');
INSERT INTO "Session" ("id", "sessionDate", "treatmentNotes", "progressUpdates", "status", "packageId", "clientId", "therapistId", "serviceId", "centreId", "createdAt", "updatedAt") VALUES ('cmmt1lbjv00csqolqo543j1it', '2025-12-14T18:40:28.344Z', 'Manual therapy + electrotherapy applied. Patient reports 50% improvement.', 'Improving steadily. On track for discharge by session 12.', 'COMPLETED', 'cmmt1lbe800a8qolqxwl7f21w', 'cmmt1lb44003wqolqz67bcwna', 'cmmt1lb3d002yqolqygmc01k7', 'cmmt1lay9001wqolqyt8v8oq1', 'mbd-mumbai-hq', '2026-03-16T10:30:14.971Z', '2026-03-16T10:30:14.971Z');
INSERT INTO "Session" ("id", "sessionDate", "treatmentNotes", "progressUpdates", "status", "packageId", "clientId", "therapistId", "serviceId", "centreId", "createdAt", "updatedAt") VALUES ('cmmt1lbjy00cuqolq3dd43v34', '2026-03-22T03:31:47.729Z', NULL, NULL, 'SCHEDULED', 'cmmt1lbe800a8qolqxwl7f21w', 'cmmt1lb44003wqolqz67bcwna', 'cmmt1lb3i0038qolqkud09mk2', 'cmmt1laxo000yqolqdr72xpua', 'mbd-mumbai-hq', '2026-03-16T10:30:14.974Z', '2026-03-16T10:30:14.974Z');
INSERT INTO "Session" ("id", "sessionDate", "treatmentNotes", "progressUpdates", "status", "packageId", "clientId", "therapistId", "serviceId", "centreId", "createdAt", "updatedAt") VALUES ('cmmt1lbk500cwqolqab893sp1', '2026-03-03T10:03:41.888Z', 'Functional training session. Patient able to perform ADLs without pain.', 'Excellent compliance. Ahead of expected recovery timeline.', 'COMPLETED', 'cmmt1lbe800a8qolqxwl7f21w', 'cmmt1lb44003wqolqz67bcwna', 'cmmt1lb3k003cqolqycij16f7', 'cmmt1laxo0010qolq712ltkly', 'mbd-mumbai-hq', '2026-03-16T10:30:14.981Z', '2026-03-16T10:30:14.981Z');
INSERT INTO "Session" ("id", "sessionDate", "treatmentNotes", "progressUpdates", "status", "packageId", "clientId", "therapistId", "serviceId", "centreId", "createdAt", "updatedAt") VALUES ('cmmt1lbkd00cyqolqxms20m1a', '2026-01-03T15:01:39.380Z', NULL, NULL, 'SCHEDULED', 'cmmt1lbe800a8qolqxwl7f21w', 'cmmt1lb44003wqolqz67bcwna', 'cmmt1lb3n003gqolqn0ruy5fc', 'cmmt1lay9001wqolqyt8v8oq1', 'mbd-mumbai-hq', '2026-03-16T10:30:14.989Z', '2026-03-16T10:30:14.989Z');
INSERT INTO "Session" ("id", "sessionDate", "treatmentNotes", "progressUpdates", "status", "packageId", "clientId", "therapistId", "serviceId", "centreId", "createdAt", "updatedAt") VALUES ('cmmt1lbki00d0qolq40r8bac0', '2025-12-17T14:03:19.579Z', NULL, NULL, 'SCHEDULED', 'cmmt1lbec00aaqolqmtqic9dp', 'cmmt1lb46003yqolq8hjrmwsl', 'cmmt1lb36002mqolqzo66gf67', 'cmmt1laye0026qolqjxzb8xbp', 'mbd-mumbai-hq', '2026-03-16T10:30:14.995Z', '2026-03-16T10:30:14.995Z');
INSERT INTO "Session" ("id", "sessionDate", "treatmentNotes", "progressUpdates", "status", "packageId", "clientId", "therapistId", "serviceId", "centreId", "createdAt", "updatedAt") VALUES ('cmmt1lble00d2qolqha2iam3p', '2025-11-18T06:38:06.990Z', NULL, NULL, 'CANCELLED', 'cmmt1lbec00aaqolqmtqic9dp', 'cmmt1lb46003yqolq8hjrmwsl', 'cmmt1lb3k003cqolqycij16f7', 'cmmt1layc0022qolqah4hjn0z', 'mbd-mumbai-hq', '2026-03-16T10:30:15.026Z', '2026-03-16T10:30:15.026Z');
INSERT INTO "Session" ("id", "sessionDate", "treatmentNotes", "progressUpdates", "status", "packageId", "clientId", "therapistId", "serviceId", "centreId", "createdAt", "updatedAt") VALUES ('cmmt1lblr00d4qolq0ip4rvcy', '2026-02-21T15:10:13.274Z', 'Progressive resistance training. Increased load by 10%. Tolerated well.', 'Slight setback due to flare-up. Adjusted intensity for next session.', 'COMPLETED', 'cmmt1lbec00aaqolqmtqic9dp', 'cmmt1lb46003yqolq8hjrmwsl', 'cmmt1lb3b002uqolq1qzsk1jy', 'cmmt1laxq0014qolqa2lzkg7y', 'mbd-mumbai-hq', '2026-03-16T10:30:15.039Z', '2026-03-16T10:30:15.039Z');
INSERT INTO "Session" ("id", "sessionDate", "treatmentNotes", "progressUpdates", "status", "packageId", "clientId", "therapistId", "serviceId", "centreId", "createdAt", "updatedAt") VALUES ('cmmt1lbls00d6qolq53b2o0a3', '2026-03-25T09:20:47.341Z', NULL, NULL, 'SCHEDULED', 'cmmt1lbec00aaqolqmtqic9dp', 'cmmt1lb46003yqolq8hjrmwsl', 'cmmt1lb3e0030qolqpkgsfnqh', 'cmmt1lay4001mqolqr0ajh6lz', 'mbd-mumbai-hq', '2026-03-16T10:30:15.041Z', '2026-03-16T10:30:15.041Z');
INSERT INTO "Session" ("id", "sessionDate", "treatmentNotes", "progressUpdates", "status", "packageId", "clientId", "therapistId", "serviceId", "centreId", "createdAt", "updatedAt") VALUES ('cmmt1lblu00d8qolqc6al9xrs', '2025-12-02T05:19:20.663Z', 'Progressive resistance training. Increased load by 10%. Tolerated well.', 'Improving steadily. On track for discharge by session 12.', 'COMPLETED', 'cmmt1lbef00acqolqnbwh7bhv', 'cmmt1lb470040qolqbd9asgqd', 'cmmt1lb3c002wqolqnoz84vzl', 'cmmt1laxz001gqolqn0yuifre', 'mbd-mumbai-hq', '2026-03-16T10:30:15.042Z', '2026-03-16T10:30:15.042Z');
INSERT INTO "Session" ("id", "sessionDate", "treatmentNotes", "progressUpdates", "status", "packageId", "clientId", "therapistId", "serviceId", "centreId", "createdAt", "updatedAt") VALUES ('cmmt1lblx00daqolq1kb4gvut', '2025-11-24T04:43:18.029Z', 'Good progress. ROM improved by 15 degrees. Continue current protocol.', 'Excellent compliance. Ahead of expected recovery timeline.', 'COMPLETED', 'cmmt1lbef00acqolqnbwh7bhv', 'cmmt1lb470040qolqbd9asgqd', 'cmmt1lb39002sqolq0p2gysnk', 'cmmt1laxz001gqolqn0yuifre', 'mbd-mumbai-hq', '2026-03-16T10:30:15.045Z', '2026-03-16T10:30:15.045Z');
INSERT INTO "Session" ("id", "sessionDate", "treatmentNotes", "progressUpdates", "status", "packageId", "clientId", "therapistId", "serviceId", "centreId", "createdAt", "updatedAt") VALUES ('cmmt1lblz00dcqolqxhqzos0i', '2026-02-08T04:44:50.927Z', NULL, NULL, 'CANCELLED', 'cmmt1lbef00acqolqnbwh7bhv', 'cmmt1lb470040qolqbd9asgqd', 'cmmt1lb39002sqolq0p2gysnk', 'cmmt1laye0028qolqqzwm5dn2', 'mbd-mumbai-hq', '2026-03-16T10:30:15.047Z', '2026-03-16T10:30:15.047Z');
INSERT INTO "Session" ("id", "sessionDate", "treatmentNotes", "progressUpdates", "status", "packageId", "clientId", "therapistId", "serviceId", "centreId", "createdAt", "updatedAt") VALUES ('cmmt1lbm100deqolq94kqs3xg', '2025-12-21T04:34:16.541Z', NULL, NULL, 'NO_SHOW', 'cmmt1lbef00acqolqnbwh7bhv', 'cmmt1lb470040qolqbd9asgqd', 'cmmt1lb3g0034qolq3f85armj', 'cmmt1layh002gqolqgprveqoj', 'mbd-mumbai-hq', '2026-03-16T10:30:15.050Z', '2026-03-16T10:30:15.050Z');
INSERT INTO "Session" ("id", "sessionDate", "treatmentNotes", "progressUpdates", "status", "packageId", "clientId", "therapistId", "serviceId", "centreId", "createdAt", "updatedAt") VALUES ('cmmt1lbm600dgqolq481oe3l3', '2026-01-26T03:31:36.705Z', 'Session focused on core stability exercises. Patient compliant with HEP.', 'Moderate progress. May need additional sessions beyond initial plan.', 'COMPLETED', 'cmmt1lbef00acqolqnbwh7bhv', 'cmmt1lb470040qolqbd9asgqd', 'cmmt1lb38002qqolq71asohpx', 'cmmt1laxx001cqolq96ce6ig0', 'mbd-mumbai-hq', '2026-03-16T10:30:15.052Z', '2026-03-16T10:30:15.052Z');
INSERT INTO "Session" ("id", "sessionDate", "treatmentNotes", "progressUpdates", "status", "packageId", "clientId", "therapistId", "serviceId", "centreId", "createdAt", "updatedAt") VALUES ('cmmt1lbmc00diqolqg0xq2nfw', '2026-03-03T16:34:02.013Z', 'Progressive resistance training. Increased load by 10%. Tolerated well.', 'Improving steadily. On track for discharge by session 12.', 'COMPLETED', 'cmmt1lbes00aeqolqodfb2rym', 'cmmt1lb490042qolqy8y975yv', 'cmmt1lb3g0034qolq3f85armj', 'cmmt1layc0022qolqah4hjn0z', 'mbd-mumbai-hq', '2026-03-16T10:30:15.061Z', '2026-03-16T10:30:15.061Z');
INSERT INTO "Session" ("id", "sessionDate", "treatmentNotes", "progressUpdates", "status", "packageId", "clientId", "therapistId", "serviceId", "centreId", "createdAt", "updatedAt") VALUES ('cmmt1lbme00dkqolqwax3cchp', '2026-01-19T10:27:43.416Z', NULL, NULL, 'SCHEDULED', 'cmmt1lbes00aeqolqodfb2rym', 'cmmt1lb490042qolqy8y975yv', 'cmmt1lb37002oqolqa95gvw33', 'cmmt1laxq0014qolqa2lzkg7y', 'mbd-mumbai-hq', '2026-03-16T10:30:15.063Z', '2026-03-16T10:30:15.063Z');
INSERT INTO "Session" ("id", "sessionDate", "treatmentNotes", "progressUpdates", "status", "packageId", "clientId", "therapistId", "serviceId", "centreId", "createdAt", "updatedAt") VALUES ('cmmt1lbqx00dmqolqkxjjfiqp', '2026-04-09T17:30:55.781Z', NULL, NULL, 'SCHEDULED', 'cmmt1lbes00aeqolqodfb2rym', 'cmmt1lb490042qolqy8y975yv', 'cmmt1lb3d002yqolqygmc01k7', 'cmmt1laxb000aqolq6ucv49ej', 'mbd-mumbai-hq', '2026-03-16T10:30:15.198Z', '2026-03-16T10:30:15.198Z');
INSERT INTO "Session" ("id", "sessionDate", "treatmentNotes", "progressUpdates", "status", "packageId", "clientId", "therapistId", "serviceId", "centreId", "createdAt", "updatedAt") VALUES ('cmmt1lbs900doqolqa5h7qfig', '2026-03-16T12:11:16.064Z', NULL, NULL, 'SCHEDULED', 'cmmt1lbes00aeqolqodfb2rym', 'cmmt1lb490042qolqy8y975yv', 'cmmt1lb3j003aqolqrdhrar8d', 'cmmt1lay5001oqolqjkyp885q', 'mbd-mumbai-hq', '2026-03-16T10:30:15.273Z', '2026-03-16T10:30:15.273Z');
INSERT INTO "Session" ("id", "sessionDate", "treatmentNotes", "progressUpdates", "status", "packageId", "clientId", "therapistId", "serviceId", "centreId", "createdAt", "updatedAt") VALUES ('cmmt1lbvm00dqqolq378izlfo', '2026-02-25T23:43:40.766Z', NULL, NULL, 'NO_SHOW', 'cmmt1lbes00aeqolqodfb2rym', 'cmmt1lb490042qolqy8y975yv', 'cmmt1lb3o003iqolq2zuldo8e', 'cmmt1lay7001qqolq44c3idlu', 'mbd-mumbai-hq', '2026-03-16T10:30:15.394Z', '2026-03-16T10:30:15.394Z');
INSERT INTO "Session" ("id", "sessionDate", "treatmentNotes", "progressUpdates", "status", "packageId", "clientId", "therapistId", "serviceId", "centreId", "createdAt", "updatedAt") VALUES ('cmmt1lbvv00dsqolq4g449zve', '2026-02-06T21:14:21.291Z', 'Progressive resistance training. Increased load by 10%. Tolerated well.', 'Improving steadily. On track for discharge by session 12.', 'COMPLETED', 'cmmt1lbev00agqolqupfi2tkq', 'cmmt1lb4c0044qolqalxlhx3a', 'cmmt1lb3c002wqolqnoz84vzl', 'cmmt1laxg000iqolqlnwuvzge', 'mbd-mumbai-hq', '2026-03-16T10:30:15.403Z', '2026-03-16T10:30:15.403Z');
INSERT INTO "Session" ("id", "sessionDate", "treatmentNotes", "progressUpdates", "status", "packageId", "clientId", "therapistId", "serviceId", "centreId", "createdAt", "updatedAt") VALUES ('cmmt1lbvz00duqolqcvc78ykd', '2026-02-24T10:15:16.804Z', 'Session focused on core stability exercises. Patient compliant with HEP.', 'Slight setback due to flare-up. Adjusted intensity for next session.', 'COMPLETED', 'cmmt1lbev00agqolqupfi2tkq', 'cmmt1lb4c0044qolqalxlhx3a', 'cmmt1lb38002qqolq71asohpx', 'cmmt1lay0001iqolqazdukm48', 'mbd-mumbai-hq', '2026-03-16T10:30:15.407Z', '2026-03-16T10:30:15.407Z');
INSERT INTO "Session" ("id", "sessionDate", "treatmentNotes", "progressUpdates", "status", "packageId", "clientId", "therapistId", "serviceId", "centreId", "createdAt", "updatedAt") VALUES ('cmmt1lbw100dwqolquj6bryxv', '2026-03-20T09:37:17.432Z', NULL, NULL, 'SCHEDULED', 'cmmt1lbev00agqolqupfi2tkq', 'cmmt1lb4c0044qolqalxlhx3a', 'cmmt1lb3j003aqolqrdhrar8d', 'cmmt1laxl000sqolql6pmteso', 'mbd-mumbai-hq', '2026-03-16T10:30:15.409Z', '2026-03-16T10:30:15.409Z');
INSERT INTO "Session" ("id", "sessionDate", "treatmentNotes", "progressUpdates", "status", "packageId", "clientId", "therapistId", "serviceId", "centreId", "createdAt", "updatedAt") VALUES ('cmmt1lbw400dyqolqc8kllu19', '2026-01-11T14:11:54.477Z', 'Functional training session. Patient able to perform ADLs without pain.', 'Good functional improvement. Planning gradual return to sport.', 'COMPLETED', 'cmmt1lbev00agqolqupfi2tkq', 'cmmt1lb4c0044qolqalxlhx3a', 'cmmt1lb3f0032qolq1ylpsiw9', 'cmmt1laxm000uqolqrmak3udi', 'mbd-mumbai-hq', '2026-03-16T10:30:15.412Z', '2026-03-16T10:30:15.412Z');
INSERT INTO "Session" ("id", "sessionDate", "treatmentNotes", "progressUpdates", "status", "packageId", "clientId", "therapistId", "serviceId", "centreId", "createdAt", "updatedAt") VALUES ('cmmt1lbw600e0qolq8lnyfe8n', '2025-12-06T22:39:13.079Z', 'Functional training session. Patient able to perform ADLs without pain.', 'Improving steadily. On track for discharge by session 12.', 'COMPLETED', 'cmmt1lbev00agqolqupfi2tkq', 'cmmt1lb4c0044qolqalxlhx3a', 'cmmt1lb36002mqolqzo66gf67', 'cmmt1laxh000kqolqzamlqdtp', 'mbd-mumbai-hq', '2026-03-16T10:30:15.414Z', '2026-03-16T10:30:15.414Z');
INSERT INTO "Session" ("id", "sessionDate", "treatmentNotes", "progressUpdates", "status", "packageId", "clientId", "therapistId", "serviceId", "centreId", "createdAt", "updatedAt") VALUES ('cmmt1lbw800e2qolqpzho0hdm', '2025-11-24T06:42:09.923Z', 'Good progress. ROM improved by 15 degrees. Continue current protocol.', 'Improving steadily. On track for discharge by session 12.', 'COMPLETED', 'cmmt1lbev00agqolqupfi2tkq', 'cmmt1lb4c0044qolqalxlhx3a', 'cmmt1lb3k003cqolqycij16f7', 'cmmt1lay9001wqolqyt8v8oq1', 'mbd-mumbai-hq', '2026-03-16T10:30:15.416Z', '2026-03-16T10:30:15.416Z');
INSERT INTO "Session" ("id", "sessionDate", "treatmentNotes", "progressUpdates", "status", "packageId", "clientId", "therapistId", "serviceId", "centreId", "createdAt", "updatedAt") VALUES ('cmmt1lbwf00e4qolqr692vl8y', '2026-03-07T23:58:27.172Z', 'Functional training session. Patient able to perform ADLs without pain.', 'Slight setback due to flare-up. Adjusted intensity for next session.', 'COMPLETED', 'cmmt1lbez00aiqolqq0cxui1c', 'cmmt1lb4f0046qolqhpaqh1z4', 'cmmt1lb3g0034qolq3f85armj', 'cmmt1layb0020qolqaqtk0mvf', 'mbd-mumbai-hq', '2026-03-16T10:30:15.423Z', '2026-03-16T10:30:15.423Z');
INSERT INTO "Session" ("id", "sessionDate", "treatmentNotes", "progressUpdates", "status", "packageId", "clientId", "therapistId", "serviceId", "centreId", "createdAt", "updatedAt") VALUES ('cmmt1lbwu00e6qolqeu96bc7r', '2026-03-04T14:52:02.920Z', 'Functional training session. Patient able to perform ADLs without pain.', 'Slight setback due to flare-up. Adjusted intensity for next session.', 'COMPLETED', 'cmmt1lbez00aiqolqq0cxui1c', 'cmmt1lb4f0046qolqhpaqh1z4', 'cmmt1lb3h0036qolqbgahflon', 'cmmt1laxl000sqolql6pmteso', 'mbd-mumbai-hq', '2026-03-16T10:30:15.439Z', '2026-03-16T10:30:15.439Z');
INSERT INTO "Session" ("id", "sessionDate", "treatmentNotes", "progressUpdates", "status", "packageId", "clientId", "therapistId", "serviceId", "centreId", "createdAt", "updatedAt") VALUES ('cmmt1lbwx00e8qolquzw24e0q', '2026-03-18T12:40:25.285Z', NULL, NULL, 'SCHEDULED', 'cmmt1lbez00aiqolqq0cxui1c', 'cmmt1lb4f0046qolqhpaqh1z4', 'cmmt1lb38002qqolq71asohpx', 'cmmt1laxk000qqolqho4ph8yf', 'mbd-mumbai-hq', '2026-03-16T10:30:15.441Z', '2026-03-16T10:30:15.441Z');
INSERT INTO "Session" ("id", "sessionDate", "treatmentNotes", "progressUpdates", "status", "packageId", "clientId", "therapistId", "serviceId", "centreId", "createdAt", "updatedAt") VALUES ('cmmt1lbwz00eaqolq6jz2tpmd', '2026-01-18T13:14:03.228Z', NULL, NULL, 'CANCELLED', 'cmmt1lbf200akqolqdfogi8dn', 'cmmt1lb4g0048qolqxymdgw1v', 'cmmt1lb3i0038qolqkud09mk2', 'cmmt1laxy001eqolqrlggbvfh', 'mbd-mumbai-hq', '2026-03-16T10:30:15.444Z', '2026-03-16T10:30:15.444Z');
INSERT INTO "Session" ("id", "sessionDate", "treatmentNotes", "progressUpdates", "status", "packageId", "clientId", "therapistId", "serviceId", "centreId", "createdAt", "updatedAt") VALUES ('cmmt1lbx100ecqolq6id2uchc', '2026-01-30T02:36:24.093Z', 'Session focused on core stability exercises. Patient compliant with HEP.', 'Slight setback due to flare-up. Adjusted intensity for next session.', 'COMPLETED', 'cmmt1lbf200akqolqdfogi8dn', 'cmmt1lb4g0048qolqxymdgw1v', 'cmmt1lb3e0030qolqpkgsfnqh', 'cmmt1laxo0010qolq712ltkly', 'mbd-mumbai-hq', '2026-03-16T10:30:15.445Z', '2026-03-16T10:30:15.445Z');
INSERT INTO "Session" ("id", "sessionDate", "treatmentNotes", "progressUpdates", "status", "packageId", "clientId", "therapistId", "serviceId", "centreId", "createdAt", "updatedAt") VALUES ('cmmt1lbx300eeqolqxhkabdc3', '2025-12-18T19:10:21.379Z', 'Manual therapy + electrotherapy applied. Patient reports 50% improvement.', 'Moderate progress. May need additional sessions beyond initial plan.', 'COMPLETED', 'cmmt1lbf200akqolqdfogi8dn', 'cmmt1lb4g0048qolqxymdgw1v', 'cmmt1lb3n003gqolqn0ruy5fc', 'cmmt1lay7001qqolq44c3idlu', 'mbd-mumbai-hq', '2026-03-16T10:30:15.448Z', '2026-03-16T10:30:15.448Z');
INSERT INTO "Session" ("id", "sessionDate", "treatmentNotes", "progressUpdates", "status", "packageId", "clientId", "therapistId", "serviceId", "centreId", "createdAt", "updatedAt") VALUES ('cmmt1lbx500egqolqqw0aigg7', '2026-02-20T05:22:50.437Z', NULL, NULL, 'SCHEDULED', 'cmmt1lbf200akqolqdfogi8dn', 'cmmt1lb4g0048qolqxymdgw1v', 'cmmt1lb38002qqolq71asohpx', 'cmmt1layb0020qolqaqtk0mvf', 'mbd-mumbai-hq', '2026-03-16T10:30:15.449Z', '2026-03-16T10:30:15.449Z');
INSERT INTO "Session" ("id", "sessionDate", "treatmentNotes", "progressUpdates", "status", "packageId", "clientId", "therapistId", "serviceId", "centreId", "createdAt", "updatedAt") VALUES ('cmmt1lbx900eiqolqfvbr14ka', '2025-12-04T04:06:14.229Z', NULL, NULL, 'SCHEDULED', 'cmmt1lbf200akqolqdfogi8dn', 'cmmt1lb4g0048qolqxymdgw1v', 'cmmt1lb3d002yqolqygmc01k7', 'cmmt1laxz001gqolqn0yuifre', 'mbd-mumbai-hq', '2026-03-16T10:30:15.453Z', '2026-03-16T10:30:15.453Z');
INSERT INTO "Session" ("id", "sessionDate", "treatmentNotes", "progressUpdates", "status", "packageId", "clientId", "therapistId", "serviceId", "centreId", "createdAt", "updatedAt") VALUES ('cmmt1lbxd00ekqolqale54lga', '2026-03-25T20:44:13.857Z', NULL, NULL, 'SCHEDULED', 'cmmt1lbf200akqolqdfogi8dn', 'cmmt1lb4g0048qolqxymdgw1v', 'cmmt1lb39002sqolq0p2gysnk', 'cmmt1laxp0012qolqlnhtc9tg', 'mbd-mumbai-hq', '2026-03-16T10:30:15.457Z', '2026-03-16T10:30:15.457Z');
INSERT INTO "Session" ("id", "sessionDate", "treatmentNotes", "progressUpdates", "status", "packageId", "clientId", "therapistId", "serviceId", "centreId", "createdAt", "updatedAt") VALUES ('cmmt1lbxf00emqolqkyrq4vwt', '2025-12-26T18:03:28.454Z', NULL, NULL, 'SCHEDULED', 'cmmt1lbf500amqolql4q148mf', 'cmmt1lb4h004aqolqmv5u0ztt', 'cmmt1lb37002oqolqa95gvw33', 'cmmt1laxz001gqolqn0yuifre', 'mbd-mumbai-hq', '2026-03-16T10:30:15.459Z', '2026-03-16T10:30:15.459Z');
INSERT INTO "Session" ("id", "sessionDate", "treatmentNotes", "progressUpdates", "status", "packageId", "clientId", "therapistId", "serviceId", "centreId", "createdAt", "updatedAt") VALUES ('cmmt1lbxh00eoqolqwp408s2v', '2026-01-29T20:00:19.681Z', 'Functional training session. Patient able to perform ADLs without pain.', 'Excellent compliance. Ahead of expected recovery timeline.', 'COMPLETED', 'cmmt1lbf500amqolql4q148mf', 'cmmt1lb4h004aqolqmv5u0ztt', 'cmmt1lb3b002uqolq1qzsk1jy', 'cmmt1laxn000wqolqlsn4kzr1', 'mbd-mumbai-hq', '2026-03-16T10:30:15.462Z', '2026-03-16T10:30:15.462Z');
INSERT INTO "Session" ("id", "sessionDate", "treatmentNotes", "progressUpdates", "status", "packageId", "clientId", "therapistId", "serviceId", "centreId", "createdAt", "updatedAt") VALUES ('cmmt1lbxj00eqqolqk9i97ybt', '2026-02-28T20:20:53.853Z', 'Functional training session. Patient able to perform ADLs without pain.', 'Improving steadily. On track for discharge by session 12.', 'COMPLETED', 'cmmt1lbf500amqolql4q148mf', 'cmmt1lb4h004aqolqmv5u0ztt', 'cmmt1lb3k003cqolqycij16f7', 'cmmt1laxz001gqolqn0yuifre', 'mbd-mumbai-hq', '2026-03-16T10:30:15.463Z', '2026-03-16T10:30:15.463Z');
INSERT INTO "Session" ("id", "sessionDate", "treatmentNotes", "progressUpdates", "status", "packageId", "clientId", "therapistId", "serviceId", "centreId", "createdAt", "updatedAt") VALUES ('cmmt1lbxl00esqolqcexfcp6m', '2025-11-20T19:41:29.700Z', NULL, NULL, 'CANCELLED', 'cmmt1lbfd00aoqolq5ylseq5p', 'cmmt1lb4i004cqolqju0t1oqm', 'cmmt1lb3e0030qolqpkgsfnqh', 'cmmt1laxj000oqolq7oehfoc1', 'mbd-mumbai-hq', '2026-03-16T10:30:15.465Z', '2026-03-16T10:30:15.465Z');
INSERT INTO "Session" ("id", "sessionDate", "treatmentNotes", "progressUpdates", "status", "packageId", "clientId", "therapistId", "serviceId", "centreId", "createdAt", "updatedAt") VALUES ('cmmt1lbxn00euqolq8jcxf1oi', '2026-01-05T07:25:26.533Z', 'Progressive resistance training. Increased load by 10%. Tolerated well.', 'Improving steadily. On track for discharge by session 12.', 'COMPLETED', 'cmmt1lbfd00aoqolq5ylseq5p', 'cmmt1lb4i004cqolqju0t1oqm', 'cmmt1lb3b002uqolq1qzsk1jy', 'cmmt1laxl000sqolql6pmteso', 'mbd-mumbai-hq', '2026-03-16T10:30:15.467Z', '2026-03-16T10:30:15.467Z');
INSERT INTO "Session" ("id", "sessionDate", "treatmentNotes", "progressUpdates", "status", "packageId", "clientId", "therapistId", "serviceId", "centreId", "createdAt", "updatedAt") VALUES ('cmmt1lbxo00ewqolqa7e4j7to', '2025-11-23T17:39:05.066Z', 'Good progress. ROM improved by 15 degrees. Continue current protocol.', 'Good functional improvement. Planning gradual return to sport.', 'COMPLETED', 'cmmt1lbfd00aoqolq5ylseq5p', 'cmmt1lb4i004cqolqju0t1oqm', 'cmmt1lb37002oqolqa95gvw33', 'cmmt1layh002gqolqgprveqoj', 'mbd-mumbai-hq', '2026-03-16T10:30:15.469Z', '2026-03-16T10:30:15.469Z');
INSERT INTO "Session" ("id", "sessionDate", "treatmentNotes", "progressUpdates", "status", "packageId", "clientId", "therapistId", "serviceId", "centreId", "createdAt", "updatedAt") VALUES ('cmmt1lbxt00eyqolqwq6r4s6n', '2025-12-08T19:15:39.040Z', NULL, NULL, 'CANCELLED', 'cmmt1lbfd00aoqolq5ylseq5p', 'cmmt1lb4i004cqolqju0t1oqm', 'cmmt1lb36002mqolqzo66gf67', 'cmmt1laye0026qolqjxzb8xbp', 'mbd-mumbai-hq', '2026-03-16T10:30:15.473Z', '2026-03-16T10:30:15.473Z');
INSERT INTO "Session" ("id", "sessionDate", "treatmentNotes", "progressUpdates", "status", "packageId", "clientId", "therapistId", "serviceId", "centreId", "createdAt", "updatedAt") VALUES ('cmmt1lbxv00f0qolqfxep8o28', '2026-01-22T05:43:51.329Z', 'Good progress. ROM improved by 15 degrees. Continue current protocol.', 'Slight setback due to flare-up. Adjusted intensity for next session.', 'COMPLETED', 'cmmt1lbfd00aoqolq5ylseq5p', 'cmmt1lb4i004cqolqju0t1oqm', 'cmmt1lb3o003iqolq2zuldo8e', 'cmmt1laxo000yqolqdr72xpua', 'mbd-mumbai-hq', '2026-03-16T10:30:15.476Z', '2026-03-16T10:30:15.476Z');
INSERT INTO "Session" ("id", "sessionDate", "treatmentNotes", "progressUpdates", "status", "packageId", "clientId", "therapistId", "serviceId", "centreId", "createdAt", "updatedAt") VALUES ('cmmt1lbxx00f2qolqbnsrzqxu', '2026-03-05T19:19:43.445Z', 'Progressive resistance training. Increased load by 10%. Tolerated well.', 'Moderate progress. May need additional sessions beyond initial plan.', 'COMPLETED', 'cmmt1lbfg00aqqolqbc8fg2hn', 'cmmt1lb4j004eqolqd4y4qeaj', 'cmmt1lb3f0032qolq1ylpsiw9', 'cmmt1laxo000yqolqdr72xpua', 'mbd-mumbai-hq', '2026-03-16T10:30:15.477Z', '2026-03-16T10:30:15.477Z');
INSERT INTO "Session" ("id", "sessionDate", "treatmentNotes", "progressUpdates", "status", "packageId", "clientId", "therapistId", "serviceId", "centreId", "createdAt", "updatedAt") VALUES ('cmmt1lbxy00f4qolq776ccty3', '2025-12-03T20:46:34.245Z', 'Patient responded well to treatment. Pain reduced from 7/10 to 4/10.', 'Good functional improvement. Planning gradual return to sport.', 'COMPLETED', 'cmmt1lbfg00aqqolqbc8fg2hn', 'cmmt1lb4j004eqolqd4y4qeaj', 'cmmt1lb3g0034qolq3f85armj', 'cmmt1laxw001aqolq9jjonzqb', 'mbd-mumbai-hq', '2026-03-16T10:30:15.478Z', '2026-03-16T10:30:15.478Z');
INSERT INTO "Session" ("id", "sessionDate", "treatmentNotes", "progressUpdates", "status", "packageId", "clientId", "therapistId", "serviceId", "centreId", "createdAt", "updatedAt") VALUES ('cmmt1lbxz00f6qolqh2zb8r3a', '2026-01-16T18:01:21.821Z', NULL, NULL, 'CANCELLED', 'cmmt1lbfg00aqqolqbc8fg2hn', 'cmmt1lb4j004eqolqd4y4qeaj', 'cmmt1lb38002qqolq71asohpx', 'cmmt1laxz001gqolqn0yuifre', 'mbd-mumbai-hq', '2026-03-16T10:30:15.480Z', '2026-03-16T10:30:15.480Z');
INSERT INTO "Session" ("id", "sessionDate", "treatmentNotes", "progressUpdates", "status", "packageId", "clientId", "therapistId", "serviceId", "centreId", "createdAt", "updatedAt") VALUES ('cmmt1lby000f8qolqhypnbod0', '2026-01-17T08:51:11.216Z', 'Patient responded well to treatment. Pain reduced from 7/10 to 4/10.', 'Moderate progress. May need additional sessions beyond initial plan.', 'COMPLETED', 'cmmt1lbfg00aqqolqbc8fg2hn', 'cmmt1lb4j004eqolqd4y4qeaj', 'cmmt1lb3l003eqolqm26b5ij4', 'cmmt1layc0022qolqah4hjn0z', 'mbd-mumbai-hq', '2026-03-16T10:30:15.481Z', '2026-03-16T10:30:15.481Z');
INSERT INTO "Session" ("id", "sessionDate", "treatmentNotes", "progressUpdates", "status", "packageId", "clientId", "therapistId", "serviceId", "centreId", "createdAt", "updatedAt") VALUES ('cmmt1lby200faqolquxgm6vpe', '2025-11-20T08:11:14.527Z', NULL, NULL, 'SCHEDULED', 'cmmt1lbfg00aqqolqbc8fg2hn', 'cmmt1lb4j004eqolqd4y4qeaj', 'cmmt1lb3h0036qolqbgahflon', 'cmmt1lay9001wqolqyt8v8oq1', 'mbd-mumbai-hq', '2026-03-16T10:30:15.483Z', '2026-03-16T10:30:15.483Z');
INSERT INTO "Session" ("id", "sessionDate", "treatmentNotes", "progressUpdates", "status", "packageId", "clientId", "therapistId", "serviceId", "centreId", "createdAt", "updatedAt") VALUES ('cmmt1lby400fcqolqkjtwm4mm', '2026-03-02T05:57:40.223Z', NULL, NULL, 'CANCELLED', 'cmmt1lbfm00asqolqo6je4oyj', 'cmmt1lb4l004gqolq6kclwyhl', 'cmmt1lb36002mqolqzo66gf67', 'cmmt1layg002cqolqkc4f3vqv', 'mbd-mumbai-hq', '2026-03-16T10:30:15.484Z', '2026-03-16T10:30:15.484Z');
INSERT INTO "Session" ("id", "sessionDate", "treatmentNotes", "progressUpdates", "status", "packageId", "clientId", "therapistId", "serviceId", "centreId", "createdAt", "updatedAt") VALUES ('cmmt1lby600feqolq5owf4pnm', '2026-01-18T08:47:25.298Z', NULL, NULL, 'CANCELLED', 'cmmt1lbfm00asqolqo6je4oyj', 'cmmt1lb4l004gqolq6kclwyhl', 'cmmt1lb3l003eqolqm26b5ij4', 'cmmt1laxo0010qolq712ltkly', 'mbd-mumbai-hq', '2026-03-16T10:30:15.486Z', '2026-03-16T10:30:15.486Z');
INSERT INTO "Session" ("id", "sessionDate", "treatmentNotes", "progressUpdates", "status", "packageId", "clientId", "therapistId", "serviceId", "centreId", "createdAt", "updatedAt") VALUES ('cmmt1lby900fgqolq4pgsf2sc', '2026-03-20T05:25:10.431Z', NULL, NULL, 'SCHEDULED', 'cmmt1lbfm00asqolqo6je4oyj', 'cmmt1lb4l004gqolq6kclwyhl', 'cmmt1lb3o003iqolq2zuldo8e', 'cmmt1layf002aqolqr765jq7e', 'mbd-mumbai-hq', '2026-03-16T10:30:15.489Z', '2026-03-16T10:30:15.489Z');
INSERT INTO "Session" ("id", "sessionDate", "treatmentNotes", "progressUpdates", "status", "packageId", "clientId", "therapistId", "serviceId", "centreId", "createdAt", "updatedAt") VALUES ('cmmt1lbyb00fiqolq64m8j479', '2025-12-03T18:43:25.676Z', NULL, NULL, 'CANCELLED', 'cmmt1lbfm00asqolqo6je4oyj', 'cmmt1lb4l004gqolq6kclwyhl', 'cmmt1lb3h0036qolqbgahflon', 'cmmt1laxz001gqolqn0yuifre', 'mbd-mumbai-hq', '2026-03-16T10:30:15.491Z', '2026-03-16T10:30:15.491Z');
INSERT INTO "Session" ("id", "sessionDate", "treatmentNotes", "progressUpdates", "status", "packageId", "clientId", "therapistId", "serviceId", "centreId", "createdAt", "updatedAt") VALUES ('cmmt1lbye00fkqolqjm5nfqnw', '2026-03-21T13:02:30.422Z', NULL, NULL, 'SCHEDULED', 'cmmt1lbfm00asqolqo6je4oyj', 'cmmt1lb4l004gqolq6kclwyhl', 'cmmt1lb3k003cqolqycij16f7', 'cmmt1layh002eqolqn912r6t3', 'mbd-mumbai-hq', '2026-03-16T10:30:15.495Z', '2026-03-16T10:30:15.495Z');
INSERT INTO "Session" ("id", "sessionDate", "treatmentNotes", "progressUpdates", "status", "packageId", "clientId", "therapistId", "serviceId", "centreId", "createdAt", "updatedAt") VALUES ('cmmt1lbyg00fmqolqirtjm58k', '2026-01-05T20:33:35.142Z', NULL, NULL, 'NO_SHOW', 'cmmt1lbfm00asqolqo6je4oyj', 'cmmt1lb4l004gqolq6kclwyhl', 'cmmt1lb3f0032qolq1ylpsiw9', 'cmmt1laxk000qqolqho4ph8yf', 'mbd-mumbai-hq', '2026-03-16T10:30:15.496Z', '2026-03-16T10:30:15.496Z');
INSERT INTO "Session" ("id", "sessionDate", "treatmentNotes", "progressUpdates", "status", "packageId", "clientId", "therapistId", "serviceId", "centreId", "createdAt", "updatedAt") VALUES ('cmmt1lbyi00foqolqot3xa0fj', '2025-11-16T02:57:39.057Z', 'Manual therapy + electrotherapy applied. Patient reports 50% improvement.', 'Good functional improvement. Planning gradual return to sport.', 'COMPLETED', 'cmmt1lbfr00auqolq55hk2fg6', 'cmmt1lb4m004iqolqepw4h89q', 'cmmt1lb3c002wqolqnoz84vzl', 'cmmt1laxf000gqolq52fc4azj', 'mbd-mumbai-hq', '2026-03-16T10:30:15.498Z', '2026-03-16T10:30:15.498Z');
INSERT INTO "Session" ("id", "sessionDate", "treatmentNotes", "progressUpdates", "status", "packageId", "clientId", "therapistId", "serviceId", "centreId", "createdAt", "updatedAt") VALUES ('cmmt1lbyj00fqqolqv5lsjtkw', '2025-11-19T14:07:40.594Z', 'Manual therapy + electrotherapy applied. Patient reports 50% improvement.', 'Moderate progress. May need additional sessions beyond initial plan.', 'COMPLETED', 'cmmt1lbfr00auqolq55hk2fg6', 'cmmt1lb4m004iqolqepw4h89q', 'cmmt1lb3j003aqolqrdhrar8d', 'cmmt1layh002eqolqn912r6t3', 'mbd-mumbai-hq', '2026-03-16T10:30:15.500Z', '2026-03-16T10:30:15.500Z');
INSERT INTO "Session" ("id", "sessionDate", "treatmentNotes", "progressUpdates", "status", "packageId", "clientId", "therapistId", "serviceId", "centreId", "createdAt", "updatedAt") VALUES ('cmmt1lbyl00fsqolqzaux7uly', '2025-12-02T01:25:36.799Z', NULL, NULL, 'CANCELLED', 'cmmt1lbfr00auqolq55hk2fg6', 'cmmt1lb4m004iqolqepw4h89q', 'cmmt1lb38002qqolq71asohpx', 'cmmt1lay7001sqolqodamauy1', 'mbd-mumbai-hq', '2026-03-16T10:30:15.501Z', '2026-03-16T10:30:15.501Z');
INSERT INTO "Session" ("id", "sessionDate", "treatmentNotes", "progressUpdates", "status", "packageId", "clientId", "therapistId", "serviceId", "centreId", "createdAt", "updatedAt") VALUES ('cmmt1lbyn00fuqolqa8m2gy7x', '2025-12-15T02:55:34.607Z', NULL, NULL, 'CANCELLED', 'cmmt1lbfr00auqolq55hk2fg6', 'cmmt1lb4m004iqolqepw4h89q', 'cmmt1lb36002mqolqzo66gf67', 'cmmt1laxo0010qolq712ltkly', 'mbd-mumbai-hq', '2026-03-16T10:30:15.503Z', '2026-03-16T10:30:15.503Z');
INSERT INTO "Session" ("id", "sessionDate", "treatmentNotes", "progressUpdates", "status", "packageId", "clientId", "therapistId", "serviceId", "centreId", "createdAt", "updatedAt") VALUES ('cmmt1lbyp00fwqolqjgz7aa70', '2025-12-29T00:15:08.206Z', 'Good progress. ROM improved by 15 degrees. Continue current protocol.', 'Improving steadily. On track for discharge by session 12.', 'COMPLETED', 'cmmt1lbfx00awqolq3ijq1eyt', 'cmmt1lb4n004kqolqvxmfpewp', 'cmmt1lb3h0036qolqbgahflon', 'cmmt1laxp0012qolqlnhtc9tg', 'mbd-mumbai-hq', '2026-03-16T10:30:15.505Z', '2026-03-16T10:30:15.505Z');
INSERT INTO "Session" ("id", "sessionDate", "treatmentNotes", "progressUpdates", "status", "packageId", "clientId", "therapistId", "serviceId", "centreId", "createdAt", "updatedAt") VALUES ('cmmt1lbyr00fyqolqkjfhqqhf', '2026-03-25T15:25:10.282Z', NULL, NULL, 'SCHEDULED', 'cmmt1lbfx00awqolq3ijq1eyt', 'cmmt1lb4n004kqolqvxmfpewp', 'cmmt1lb3o003iqolq2zuldo8e', 'cmmt1lay4001mqolqr0ajh6lz', 'mbd-mumbai-hq', '2026-03-16T10:30:15.507Z', '2026-03-16T10:30:15.507Z');
INSERT INTO "Session" ("id", "sessionDate", "treatmentNotes", "progressUpdates", "status", "packageId", "clientId", "therapistId", "serviceId", "centreId", "createdAt", "updatedAt") VALUES ('cmmt1lbyy00g0qolqsyo9zgut', '2026-04-03T06:53:36.219Z', NULL, NULL, 'SCHEDULED', 'cmmt1lbfx00awqolq3ijq1eyt', 'cmmt1lb4n004kqolqvxmfpewp', 'cmmt1lb3k003cqolqycij16f7', 'cmmt1laxi000mqolq5tgxx6j3', 'mbd-mumbai-hq', '2026-03-16T10:30:15.514Z', '2026-03-16T10:30:15.514Z');
INSERT INTO "Session" ("id", "sessionDate", "treatmentNotes", "progressUpdates", "status", "packageId", "clientId", "therapistId", "serviceId", "centreId", "createdAt", "updatedAt") VALUES ('cmmt1lbzd00g2qolqx8v8h3hh', '2026-03-25T12:33:24.084Z', NULL, NULL, 'SCHEDULED', 'cmmt1lbfx00awqolq3ijq1eyt', 'cmmt1lb4n004kqolqvxmfpewp', 'cmmt1lb3b002uqolq1qzsk1jy', 'cmmt1laxn000wqolqlsn4kzr1', 'mbd-mumbai-hq', '2026-03-16T10:30:15.529Z', '2026-03-16T10:30:15.529Z');
INSERT INTO "Session" ("id", "sessionDate", "treatmentNotes", "progressUpdates", "status", "packageId", "clientId", "therapistId", "serviceId", "centreId", "createdAt", "updatedAt") VALUES ('cmmt1lbzg00g4qolqhuyjiq8v', '2026-03-27T04:58:24.956Z', NULL, NULL, 'SCHEDULED', 'cmmt1lbfz00ayqolqqlbl09aj', 'cmmt1lb4o004mqolqp03wmxxj', 'cmmt1lb37002oqolqa95gvw33', 'cmmt1lay7001sqolqodamauy1', 'mbd-mumbai-hq', '2026-03-16T10:30:15.532Z', '2026-03-16T10:30:15.532Z');
INSERT INTO "Session" ("id", "sessionDate", "treatmentNotes", "progressUpdates", "status", "packageId", "clientId", "therapistId", "serviceId", "centreId", "createdAt", "updatedAt") VALUES ('cmmt1lbzi00g6qolq74qyqw6c', '2025-11-26T13:37:15.797Z', NULL, NULL, 'SCHEDULED', 'cmmt1lbfz00ayqolqqlbl09aj', 'cmmt1lb4o004mqolqp03wmxxj', 'cmmt1lb3g0034qolq3f85armj', 'cmmt1laxk000qqolqho4ph8yf', 'mbd-mumbai-hq', '2026-03-16T10:30:15.535Z', '2026-03-16T10:30:15.535Z');
INSERT INTO "Session" ("id", "sessionDate", "treatmentNotes", "progressUpdates", "status", "packageId", "clientId", "therapistId", "serviceId", "centreId", "createdAt", "updatedAt") VALUES ('cmmt1lbzl00g8qolqsa3cyzgv', '2025-12-19T20:28:39.987Z', NULL, NULL, 'NO_SHOW', 'cmmt1lbfz00ayqolqqlbl09aj', 'cmmt1lb4o004mqolqp03wmxxj', 'cmmt1lb3l003eqolqm26b5ij4', 'cmmt1lay7001qqolq44c3idlu', 'mbd-mumbai-hq', '2026-03-16T10:30:15.537Z', '2026-03-16T10:30:15.537Z');
INSERT INTO "Session" ("id", "sessionDate", "treatmentNotes", "progressUpdates", "status", "packageId", "clientId", "therapistId", "serviceId", "centreId", "createdAt", "updatedAt") VALUES ('cmmt1lbzm00gaqolq7j9hxnad', '2026-02-19T02:47:55.740Z', 'Good progress. ROM improved by 15 degrees. Continue current protocol.', 'Slight setback due to flare-up. Adjusted intensity for next session.', 'COMPLETED', 'cmmt1lbfz00ayqolqqlbl09aj', 'cmmt1lb4o004mqolqp03wmxxj', 'cmmt1lb3l003eqolqm26b5ij4', 'cmmt1laxi000mqolq5tgxx6j3', 'mbd-mumbai-hq', '2026-03-16T10:30:15.539Z', '2026-03-16T10:30:15.539Z');
INSERT INTO "Session" ("id", "sessionDate", "treatmentNotes", "progressUpdates", "status", "packageId", "clientId", "therapistId", "serviceId", "centreId", "createdAt", "updatedAt") VALUES ('cmmt1lbzo00gcqolqxn0idv1d', '2026-03-28T10:56:25.208Z', NULL, NULL, 'SCHEDULED', 'cmmt1lbg200b0qolqv90dzf6m', 'cmmt1lb4p004oqolq8k8aut4n', 'cmmt1lb3h0036qolqbgahflon', 'cmmt1laxk000qqolqho4ph8yf', 'mbd-mumbai-hq', '2026-03-16T10:30:15.540Z', '2026-03-16T10:30:15.540Z');
INSERT INTO "Session" ("id", "sessionDate", "treatmentNotes", "progressUpdates", "status", "packageId", "clientId", "therapistId", "serviceId", "centreId", "createdAt", "updatedAt") VALUES ('cmmt1lbzq00geqolqmmrlqf3p', '2025-11-23T21:46:36.697Z', 'Functional training session. Patient able to perform ADLs without pain.', 'Moderate progress. May need additional sessions beyond initial plan.', 'COMPLETED', 'cmmt1lbg200b0qolqv90dzf6m', 'cmmt1lb4p004oqolq8k8aut4n', 'cmmt1lb3c002wqolqnoz84vzl', 'cmmt1laxf000gqolq52fc4azj', 'mbd-mumbai-hq', '2026-03-16T10:30:15.542Z', '2026-03-16T10:30:15.542Z');
INSERT INTO "Session" ("id", "sessionDate", "treatmentNotes", "progressUpdates", "status", "packageId", "clientId", "therapistId", "serviceId", "centreId", "createdAt", "updatedAt") VALUES ('cmmt1lbzs00ggqolqlddqgm6f', '2026-02-21T10:02:25.389Z', NULL, NULL, 'NO_SHOW', 'cmmt1lbg200b0qolqv90dzf6m', 'cmmt1lb4p004oqolq8k8aut4n', 'cmmt1lb3b002uqolq1qzsk1jy', 'cmmt1laye0028qolqqzwm5dn2', 'mbd-mumbai-hq', '2026-03-16T10:30:15.544Z', '2026-03-16T10:30:15.544Z');
INSERT INTO "Session" ("id", "sessionDate", "treatmentNotes", "progressUpdates", "status", "packageId", "clientId", "therapistId", "serviceId", "centreId", "createdAt", "updatedAt") VALUES ('cmmt1lbzu00giqolqe7j2346s', '2025-11-17T11:12:46.203Z', NULL, NULL, 'SCHEDULED', 'cmmt1lbg200b0qolqv90dzf6m', 'cmmt1lb4p004oqolq8k8aut4n', 'cmmt1lb36002mqolqzo66gf67', 'cmmt1laxg000iqolqlnwuvzge', 'mbd-mumbai-hq', '2026-03-16T10:30:15.546Z', '2026-03-16T10:30:15.546Z');
INSERT INTO "Session" ("id", "sessionDate", "treatmentNotes", "progressUpdates", "status", "packageId", "clientId", "therapistId", "serviceId", "centreId", "createdAt", "updatedAt") VALUES ('cmmt1lbzx00gkqolqmgja2k38', '2026-02-26T13:21:24.625Z', NULL, NULL, 'NO_SHOW', 'cmmt1lbg200b0qolqv90dzf6m', 'cmmt1lb4p004oqolq8k8aut4n', 'cmmt1lb39002sqolq0p2gysnk', 'cmmt1lay5001oqolqjkyp885q', 'mbd-mumbai-hq', '2026-03-16T10:30:15.549Z', '2026-03-16T10:30:15.549Z');
INSERT INTO "Session" ("id", "sessionDate", "treatmentNotes", "progressUpdates", "status", "packageId", "clientId", "therapistId", "serviceId", "centreId", "createdAt", "updatedAt") VALUES ('cmmt1lc0000gmqolqqlfxx1hh', '2025-11-16T12:28:03.339Z', 'Manual therapy + electrotherapy applied. Patient reports 50% improvement.', 'Slight setback due to flare-up. Adjusted intensity for next session.', 'COMPLETED', 'cmmt1lbg400b2qolqkpzvc3dc', 'cmmt1lb4r004qqolq0ftv472c', 'cmmt1lb3g0034qolq3f85armj', 'cmmt1laxu0018qolqauidncog', 'mbd-mumbai-hq', '2026-03-16T10:30:15.552Z', '2026-03-16T10:30:15.552Z');
INSERT INTO "Session" ("id", "sessionDate", "treatmentNotes", "progressUpdates", "status", "packageId", "clientId", "therapistId", "serviceId", "centreId", "createdAt", "updatedAt") VALUES ('cmmt1lc0400goqolqsvt5kxej', '2026-04-09T05:22:11.641Z', NULL, NULL, 'SCHEDULED', 'cmmt1lbg400b2qolqkpzvc3dc', 'cmmt1lb4r004qqolq0ftv472c', 'cmmt1lb3j003aqolqrdhrar8d', 'cmmt1laxy001eqolqrlggbvfh', 'mbd-mumbai-hq', '2026-03-16T10:30:15.557Z', '2026-03-16T10:30:15.557Z');
INSERT INTO "Session" ("id", "sessionDate", "treatmentNotes", "progressUpdates", "status", "packageId", "clientId", "therapistId", "serviceId", "centreId", "createdAt", "updatedAt") VALUES ('cmmt1lc0600gqqolq3nla03tg', '2025-12-12T21:25:04.963Z', 'Patient responded well to treatment. Pain reduced from 7/10 to 4/10.', 'Good functional improvement. Planning gradual return to sport.', 'COMPLETED', 'cmmt1lbg400b2qolqkpzvc3dc', 'cmmt1lb4r004qqolq0ftv472c', 'cmmt1lb3k003cqolqycij16f7', 'cmmt1laxd000cqolqqn4vxyui', 'mbd-mumbai-hq', '2026-03-16T10:30:15.559Z', '2026-03-16T10:30:15.559Z');
INSERT INTO "Session" ("id", "sessionDate", "treatmentNotes", "progressUpdates", "status", "packageId", "clientId", "therapistId", "serviceId", "centreId", "createdAt", "updatedAt") VALUES ('cmmt1lc0i00gsqolqa2uz1v86', '2025-12-22T17:05:38.699Z', NULL, NULL, 'CANCELLED', 'cmmt1lbg400b2qolqkpzvc3dc', 'cmmt1lb4r004qqolq0ftv472c', 'cmmt1lb3c002wqolqnoz84vzl', 'cmmt1laxs0016qolqdwh4trot', 'mbd-mumbai-hq', '2026-03-16T10:30:15.570Z', '2026-03-16T10:30:15.570Z');
INSERT INTO "Session" ("id", "sessionDate", "treatmentNotes", "progressUpdates", "status", "packageId", "clientId", "therapistId", "serviceId", "centreId", "createdAt", "updatedAt") VALUES ('cmmt1lc0k00guqolqiyutzq8y', '2025-11-18T10:46:03.187Z', NULL, NULL, 'NO_SHOW', 'cmmt1lbg400b2qolqkpzvc3dc', 'cmmt1lb4r004qqolq0ftv472c', 'cmmt1lb36002mqolqzo66gf67', 'cmmt1laxh000kqolqzamlqdtp', 'mbd-mumbai-hq', '2026-03-16T10:30:15.573Z', '2026-03-16T10:30:15.573Z');
INSERT INTO "Session" ("id", "sessionDate", "treatmentNotes", "progressUpdates", "status", "packageId", "clientId", "therapistId", "serviceId", "centreId", "createdAt", "updatedAt") VALUES ('cmmt1lc0p00gwqolq3n8r265t', '2026-02-05T17:26:29.642Z', 'Good progress. ROM improved by 15 degrees. Continue current protocol.', 'Moderate progress. May need additional sessions beyond initial plan.', 'COMPLETED', 'cmmt1lbg600b4qolqtlzm9apc', 'cmmt1lb4s004sqolqn2kj45tc', 'cmmt1lb39002sqolq0p2gysnk', 'cmmt1laxd000cqolqqn4vxyui', 'mbd-mumbai-hq', '2026-03-16T10:30:15.577Z', '2026-03-16T10:30:15.577Z');
INSERT INTO "Session" ("id", "sessionDate", "treatmentNotes", "progressUpdates", "status", "packageId", "clientId", "therapistId", "serviceId", "centreId", "createdAt", "updatedAt") VALUES ('cmmt1lc0r00gyqolqjnpljax8', '2026-04-01T20:59:59.223Z', NULL, NULL, 'SCHEDULED', 'cmmt1lbg600b4qolqtlzm9apc', 'cmmt1lb4s004sqolqn2kj45tc', 'cmmt1lb3j003aqolqrdhrar8d', 'cmmt1laxp0012qolqlnhtc9tg', 'mbd-mumbai-hq', '2026-03-16T10:30:15.580Z', '2026-03-16T10:30:15.580Z');
INSERT INTO "Session" ("id", "sessionDate", "treatmentNotes", "progressUpdates", "status", "packageId", "clientId", "therapistId", "serviceId", "centreId", "createdAt", "updatedAt") VALUES ('cmmt1lc0t00h0qolqmcrrk3kw', '2025-12-06T11:09:50.420Z', NULL, NULL, 'CANCELLED', 'cmmt1lbg600b4qolqtlzm9apc', 'cmmt1lb4s004sqolqn2kj45tc', 'cmmt1lb3n003gqolqn0ruy5fc', 'cmmt1lay2001kqolqskitazpt', 'mbd-mumbai-hq', '2026-03-16T10:30:15.582Z', '2026-03-16T10:30:15.582Z');
INSERT INTO "Session" ("id", "sessionDate", "treatmentNotes", "progressUpdates", "status", "packageId", "clientId", "therapistId", "serviceId", "centreId", "createdAt", "updatedAt") VALUES ('cmmt1lc0v00h2qolq55ck9jwa', '2026-02-27T07:47:37.707Z', 'Patient responded well to treatment. Pain reduced from 7/10 to 4/10.', 'Excellent compliance. Ahead of expected recovery timeline.', 'COMPLETED', 'cmmt1lbg600b4qolqtlzm9apc', 'cmmt1lb4s004sqolqn2kj45tc', 'cmmt1lb3f0032qolq1ylpsiw9', 'cmmt1layd0024qolquoz2j1e7', 'mbd-mumbai-hq', '2026-03-16T10:30:15.584Z', '2026-03-16T10:30:15.584Z');
INSERT INTO "Session" ("id", "sessionDate", "treatmentNotes", "progressUpdates", "status", "packageId", "clientId", "therapistId", "serviceId", "centreId", "createdAt", "updatedAt") VALUES ('cmmt1lc1000h4qolq2isjvh30', '2026-02-06T10:48:27.139Z', NULL, NULL, 'NO_SHOW', 'cmmt1lbg900b6qolqocr2q0cs', 'cmmt1lb4t004uqolqntu4w177', 'cmmt1lb3l003eqolqm26b5ij4', 'cmmt1lax30008qolq8b004tli', 'mbd-mumbai-hq', '2026-03-16T10:30:15.588Z', '2026-03-16T10:30:15.588Z');
INSERT INTO "Session" ("id", "sessionDate", "treatmentNotes", "progressUpdates", "status", "packageId", "clientId", "therapistId", "serviceId", "centreId", "createdAt", "updatedAt") VALUES ('cmmt1lc1200h6qolqwx39rnfb', '2025-11-29T01:56:25.507Z', 'Progressive resistance training. Increased load by 10%. Tolerated well.', 'Excellent compliance. Ahead of expected recovery timeline.', 'COMPLETED', 'cmmt1lbg900b6qolqocr2q0cs', 'cmmt1lb4t004uqolqntu4w177', 'cmmt1lb3i0038qolqkud09mk2', 'cmmt1layf002aqolqr765jq7e', 'mbd-mumbai-hq', '2026-03-16T10:30:15.591Z', '2026-03-16T10:30:15.591Z');
INSERT INTO "Session" ("id", "sessionDate", "treatmentNotes", "progressUpdates", "status", "packageId", "clientId", "therapistId", "serviceId", "centreId", "createdAt", "updatedAt") VALUES ('cmmt1lc1400h8qolqsvtu9hsn', '2025-12-07T20:33:38.547Z', NULL, NULL, 'CANCELLED', 'cmmt1lbg900b6qolqocr2q0cs', 'cmmt1lb4t004uqolqntu4w177', 'cmmt1lb3l003eqolqm26b5ij4', 'cmmt1laxf000gqolq52fc4azj', 'mbd-mumbai-hq', '2026-03-16T10:30:15.593Z', '2026-03-16T10:30:15.593Z');
INSERT INTO "Session" ("id", "sessionDate", "treatmentNotes", "progressUpdates", "status", "packageId", "clientId", "therapistId", "serviceId", "centreId", "createdAt", "updatedAt") VALUES ('cmmt1lc1600haqolqqkls0utm', '2026-04-09T17:05:24.353Z', NULL, NULL, 'SCHEDULED', 'cmmt1lbg900b6qolqocr2q0cs', 'cmmt1lb4t004uqolqntu4w177', 'cmmt1lb3l003eqolqm26b5ij4', 'cmmt1laya001yqolq9lq9ormz', 'mbd-mumbai-hq', '2026-03-16T10:30:15.594Z', '2026-03-16T10:30:15.594Z');
INSERT INTO "Session" ("id", "sessionDate", "treatmentNotes", "progressUpdates", "status", "packageId", "clientId", "therapistId", "serviceId", "centreId", "createdAt", "updatedAt") VALUES ('cmmt1lc1900hcqolqlxlxzk1t', '2026-03-16T16:13:24.597Z', NULL, NULL, 'SCHEDULED', 'cmmt1lbg900b6qolqocr2q0cs', 'cmmt1lb4t004uqolqntu4w177', 'cmmt1lb36002mqolqzo66gf67', 'cmmt1laxz001gqolqn0yuifre', 'mbd-mumbai-hq', '2026-03-16T10:30:15.597Z', '2026-03-16T10:30:15.597Z');
INSERT INTO "Session" ("id", "sessionDate", "treatmentNotes", "progressUpdates", "status", "packageId", "clientId", "therapistId", "serviceId", "centreId", "createdAt", "updatedAt") VALUES ('cmmt1lc1b00heqolq0k9rcr6f', '2026-04-01T15:03:19.837Z', NULL, NULL, 'SCHEDULED', 'cmmt1lbg900b6qolqocr2q0cs', 'cmmt1lb4t004uqolqntu4w177', 'cmmt1lb3o003iqolq2zuldo8e', 'cmmt1layb0020qolqaqtk0mvf', 'mbd-mumbai-hq', '2026-03-16T10:30:15.599Z', '2026-03-16T10:30:15.599Z');
INSERT INTO "Session" ("id", "sessionDate", "treatmentNotes", "progressUpdates", "status", "packageId", "clientId", "therapistId", "serviceId", "centreId", "createdAt", "updatedAt") VALUES ('cmmt1lc1e00hgqolqrkrtlrv7', '2026-03-04T14:58:25.783Z', NULL, NULL, 'SCHEDULED', 'cmmt1lbgc00b8qolqoa3qaeez', 'cmmt1lb4u004wqolqr3blxn81', 'cmmt1lb3b002uqolq1qzsk1jy', 'cmmt1lay8001uqolqv7wcjeyb', 'mbd-mumbai-hq', '2026-03-16T10:30:15.602Z', '2026-03-16T10:30:15.602Z');
INSERT INTO "Session" ("id", "sessionDate", "treatmentNotes", "progressUpdates", "status", "packageId", "clientId", "therapistId", "serviceId", "centreId", "createdAt", "updatedAt") VALUES ('cmmt1lc1g00hiqolq4c7zzdju', '2026-02-02T02:35:27.006Z', 'Session focused on core stability exercises. Patient compliant with HEP.', 'Moderate progress. May need additional sessions beyond initial plan.', 'COMPLETED', 'cmmt1lbgc00b8qolqoa3qaeez', 'cmmt1lb4u004wqolqr3blxn81', 'cmmt1lb3b002uqolq1qzsk1jy', 'cmmt1lay7001sqolqodamauy1', 'mbd-mumbai-hq', '2026-03-16T10:30:15.604Z', '2026-03-16T10:30:15.604Z');
INSERT INTO "Session" ("id", "sessionDate", "treatmentNotes", "progressUpdates", "status", "packageId", "clientId", "therapistId", "serviceId", "centreId", "createdAt", "updatedAt") VALUES ('cmmt1lc1i00hkqolqmsxykyfi', '2026-02-14T00:09:06.266Z', NULL, NULL, 'SCHEDULED', 'cmmt1lbgc00b8qolqoa3qaeez', 'cmmt1lb4u004wqolqr3blxn81', 'cmmt1lb3e0030qolqpkgsfnqh', 'cmmt1laxs0016qolqdwh4trot', 'mbd-mumbai-hq', '2026-03-16T10:30:15.606Z', '2026-03-16T10:30:15.606Z');
INSERT INTO "Session" ("id", "sessionDate", "treatmentNotes", "progressUpdates", "status", "packageId", "clientId", "therapistId", "serviceId", "centreId", "createdAt", "updatedAt") VALUES ('cmmt1lc1k00hmqolqdy1itlsp', '2025-12-24T11:40:44.390Z', NULL, NULL, 'CANCELLED', 'cmmt1lbgc00b8qolqoa3qaeez', 'cmmt1lb4u004wqolqr3blxn81', 'cmmt1lb3f0032qolq1ylpsiw9', 'cmmt1laxh000kqolqzamlqdtp', 'mbd-mumbai-hq', '2026-03-16T10:30:15.608Z', '2026-03-16T10:30:15.608Z');
INSERT INTO "Session" ("id", "sessionDate", "treatmentNotes", "progressUpdates", "status", "packageId", "clientId", "therapistId", "serviceId", "centreId", "createdAt", "updatedAt") VALUES ('cmmt1lc1l00hoqolqmlt0ey1d', '2026-01-14T04:45:16.472Z', 'Good progress. ROM improved by 15 degrees. Continue current protocol.', 'Improving steadily. On track for discharge by session 12.', 'COMPLETED', 'cmmt1lbgc00b8qolqoa3qaeez', 'cmmt1lb4u004wqolqr3blxn81', 'cmmt1lb3g0034qolq3f85armj', 'cmmt1lay5001oqolqjkyp885q', 'mbd-mumbai-hq', '2026-03-16T10:30:15.609Z', '2026-03-16T10:30:15.609Z');
INSERT INTO "Session" ("id", "sessionDate", "treatmentNotes", "progressUpdates", "status", "packageId", "clientId", "therapistId", "serviceId", "centreId", "createdAt", "updatedAt") VALUES ('cmmt1lc1n00hqqolqtcpl7rxk', '2026-02-24T13:04:43.763Z', 'Manual therapy + electrotherapy applied. Patient reports 50% improvement.', 'Improving steadily. On track for discharge by session 12.', 'COMPLETED', 'cmmt1lbgc00b8qolqoa3qaeez', 'cmmt1lb4u004wqolqr3blxn81', 'cmmt1lb39002sqolq0p2gysnk', 'cmmt1laye0028qolqqzwm5dn2', 'mbd-mumbai-hq', '2026-03-16T10:30:15.611Z', '2026-03-16T10:30:15.611Z');

-- ─── INVOICE (39 rows) ───
INSERT INTO "Invoice" ("id", "invoiceNumber", "invoiceType", "subtotal", "totalGst", "totalAmount", "paidAmount", "discountPercent", "status", "dueDate", "validTill", "referredBy", "lineItems", "clientId", "packageId", "createdAt", "updatedAt") VALUES ('cmmt1lc1p00hsqolqigct8cq6', 'INV-2026-0001', 'INVOICE', 12000, 0, 12000, 0, 0, 'SENT', '2026-04-11T15:38:58.726Z', NULL, 'Instagram', '[{"serviceId":"cmmt1laxk000qqolqho4ph8yf","serviceName":"Physiotherapy Consultation & Session (Senior Physiotherapist)","qty":6,"unitPrice":2000,"gstRate":0,"gstAmount":0,"total":12000}]', 'cmmt1lb3w003kqolqmlz6s6d4', 'cmmt1lbdf009wqolqv1aisst5', '2026-03-16T10:30:15.613Z', '2026-03-16T10:30:15.613Z');
INSERT INTO "Invoice" ("id", "invoiceNumber", "invoiceType", "subtotal", "totalGst", "totalAmount", "paidAmount", "discountPercent", "status", "dueDate", "validTill", "referredBy", "lineItems", "clientId", "packageId", "createdAt", "updatedAt") VALUES ('cmmt1lc1u00huqolq85e4i6tt', 'INV-2026-0002', 'INVOICE', 9000, 0, 8550, 8550, 5, 'PAID', '2026-01-19T23:24:59.179Z', NULL, 'Google', '[{"serviceId":"cmmt1laxg000iqolqlnwuvzge","serviceName":"Physiotherapy Home Visit (Head Physiotherapist)","qty":2,"unitPrice":4500,"gstRate":0,"gstAmount":0,"total":9000}]', 'cmmt1lb3y003mqolqyd682odo', 'cmmt1lbdk009yqolqbt9qhg1n', '2026-03-16T10:30:15.618Z', '2026-03-16T10:30:15.618Z');
INSERT INTO "Invoice" ("id", "invoiceNumber", "invoiceType", "subtotal", "totalGst", "totalAmount", "paidAmount", "discountPercent", "status", "dueDate", "validTill", "referredBy", "lineItems", "clientId", "packageId", "createdAt", "updatedAt") VALUES ('cmmt1lc1z00hwqolqoxvjutxj', 'INV-2026-0003', 'PROFORMA', 9000, 0, 9000, 9000, 0, 'PAID', '2026-01-09T01:55:26.613Z', '2026-01-24T01:55:26.613Z', 'Instagram', '[{"serviceId":"cmmt1laxl000sqolql6pmteso","serviceName":"Physiotherapy Session (Senior Physiotherapist)","qty":5,"unitPrice":1800,"gstRate":0,"gstAmount":0,"total":9000}]', 'cmmt1lb3y003mqolqyd682odo', 'cmmt1lbdk009yqolqbt9qhg1n', '2026-03-16T10:30:15.623Z', '2026-03-16T10:30:15.623Z');
INSERT INTO "Invoice" ("id", "invoiceNumber", "invoiceType", "subtotal", "totalGst", "totalAmount", "paidAmount", "discountPercent", "status", "dueDate", "validTill", "referredBy", "lineItems", "clientId", "packageId", "createdAt", "updatedAt") VALUES ('cmmt1lc2300hyqolql3y8hyau', 'INV-2026-0004', 'INVOICE', 10800, 0, 10260, 10260, 5, 'PAID', '2026-03-27T15:11:02.404Z', NULL, 'Instagram', '[{"serviceId":"cmmt1laxe000eqolqd3x7c48e","serviceName":"Rehabilitation Session (Head Physiotherapist)","qty":6,"unitPrice":1800,"gstRate":0,"gstAmount":0,"total":10800}]', 'cmmt1lb3z003oqolq0d48kivs', 'cmmt1lbdn00a0qolq93znuxh6', '2026-03-16T10:30:15.627Z', '2026-03-16T10:30:15.627Z');
INSERT INTO "Invoice" ("id", "invoiceNumber", "invoiceType", "subtotal", "totalGst", "totalAmount", "paidAmount", "discountPercent", "status", "dueDate", "validTill", "referredBy", "lineItems", "clientId", "packageId", "createdAt", "updatedAt") VALUES ('cmmt1lc2500i0qolqot2lu5mw', 'INV-2026-0005', 'PROFORMA', 5400, 0, 5400, 5400, 0, 'PAID', '2026-01-29T03:43:21.293Z', '2026-02-13T03:43:21.293Z', 'Website', '[{"serviceId":"cmmt1laxb000aqolq6ucv49ej","serviceName":"Physiotherapy Consultation & Session (Head Physiotherapist)","qty":2,"unitPrice":2700,"gstRate":0,"gstAmount":0,"total":5400}]', 'cmmt1lb3z003oqolq0d48kivs', 'cmmt1lbdn00a0qolq93znuxh6', '2026-03-16T10:30:15.630Z', '2026-03-16T10:30:15.630Z');
INSERT INTO "Invoice" ("id", "invoiceNumber", "invoiceType", "subtotal", "totalGst", "totalAmount", "paidAmount", "discountPercent", "status", "dueDate", "validTill", "referredBy", "lineItems", "clientId", "packageId", "createdAt", "updatedAt") VALUES ('cmmt1lc2700i2qolq4ymzc58p', 'INV-2026-0006', 'INVOICE', 16500, 2970, 17820, 13365, 10, 'PARTIAL', '2026-03-08T21:34:38.728Z', NULL, 'Google', '[{"serviceId":"cmmt1lay4001mqolqr0ajh6lz","serviceName":"Sports / Deep Tissue Massage Home Visit (60 min)","qty":5,"unitPrice":3300,"gstRate":0.18,"gstAmount":2970,"total":19470}]', 'cmmt1lb40003qqolq1y7erw4w', 'cmmt1lbdr00a2qolqlpyxdlr8', '2026-03-16T10:30:15.632Z', '2026-03-16T10:30:15.632Z');
INSERT INTO "Invoice" ("id", "invoiceNumber", "invoiceType", "subtotal", "totalGst", "totalAmount", "paidAmount", "discountPercent", "status", "dueDate", "validTill", "referredBy", "lineItems", "clientId", "packageId", "createdAt", "updatedAt") VALUES ('cmmt1lc2a00i4qolqzimiuagh', 'INV-2026-0007', 'INVOICE', 10800, 0, 10800, 10800, 0, 'PAID', '2026-01-20T03:28:13.901Z', NULL, 'Instagram', '[{"serviceId":"cmmt1laxp0012qolqlnhtc9tg","serviceName":"Cupping (Senior Physiotherapist)","qty":6,"unitPrice":1800,"gstRate":0,"gstAmount":0,"total":10800}]', 'cmmt1lb40003qqolq1y7erw4w', 'cmmt1lbdr00a2qolqlpyxdlr8', '2026-03-16T10:30:15.634Z', '2026-03-16T10:30:15.634Z');
INSERT INTO "Invoice" ("id", "invoiceNumber", "invoiceType", "subtotal", "totalGst", "totalAmount", "paidAmount", "discountPercent", "status", "dueDate", "validTill", "referredBy", "lineItems", "clientId", "packageId", "createdAt", "updatedAt") VALUES ('cmmt1lc2c00i6qolq8nwixqeh', 'INV-2026-0008', 'INVOICE', 7000, 350, 7350, 0, 0, 'DRAFT', '2026-04-26T07:53:49.317Z', NULL, 'Walk-in', '[{"serviceId":"cmmt1laya001yqolq9lq9ormz","serviceName":"Group Yoga (Duo)","qty":4,"unitPrice":1750,"gstRate":0.05,"gstAmount":350,"total":7350}]', 'cmmt1lb42003sqolq13ohfsma', 'cmmt1lbdy00a4qolqf6tcxiws', '2026-03-16T10:30:15.637Z', '2026-03-16T10:30:15.637Z');
INSERT INTO "Invoice" ("id", "invoiceNumber", "invoiceType", "subtotal", "totalGst", "totalAmount", "paidAmount", "discountPercent", "status", "dueDate", "validTill", "referredBy", "lineItems", "clientId", "packageId", "createdAt", "updatedAt") VALUES ('cmmt1lc2f00i8qolq7uo3p0ez', 'INV-2026-0009', 'INVOICE', 4400, 0, 3960, 3960, 10, 'PAID', '2026-02-17T07:11:06.175Z', NULL, 'Instagram', '[{"serviceId":"cmmt1laxd000cqolqqn4vxyui","serviceName":"Physiotherapy Session (Head Physiotherapist)","qty":2,"unitPrice":2200,"gstRate":0,"gstAmount":0,"total":4400}]', 'cmmt1lb42003sqolq13ohfsma', 'cmmt1lbdy00a4qolqf6tcxiws', '2026-03-16T10:30:15.639Z', '2026-03-16T10:30:15.639Z');
INSERT INTO "Invoice" ("id", "invoiceNumber", "invoiceType", "subtotal", "totalGst", "totalAmount", "paidAmount", "discountPercent", "status", "dueDate", "validTill", "referredBy", "lineItems", "clientId", "packageId", "createdAt", "updatedAt") VALUES ('cmmt1lc2h00iaqolq6hddtr6h', 'INV-2026-0010', 'INVOICE', 3300, 594, 3894, 973.5, 0, 'PARTIAL', '2026-03-13T01:46:43.337Z', NULL, 'Website', '[{"serviceId":"cmmt1lay0001iqolqazdukm48","serviceName":"Sports / Deep Tissue Massage (90 min)","qty":1,"unitPrice":3300,"gstRate":0.18,"gstAmount":594,"total":3894}]', 'cmmt1lb43003uqolqdj1vbjuh', 'cmmt1lbe500a6qolq41o8yt5q', '2026-03-16T10:30:15.642Z', '2026-03-16T10:30:15.642Z');
INSERT INTO "Invoice" ("id", "invoiceNumber", "invoiceType", "subtotal", "totalGst", "totalAmount", "paidAmount", "discountPercent", "status", "dueDate", "validTill", "referredBy", "lineItems", "clientId", "packageId", "createdAt", "updatedAt") VALUES ('cmmt1lc2k00icqolq5gceduxj', 'INV-2026-0011', 'INVOICE', 10500, 0, 10500, 0, 0, 'SENT', '2026-03-05T08:54:30.106Z', NULL, 'Website', '[{"serviceId":"cmmt1laxo000yqolqdr72xpua","serviceName":"Physiotherapy Home Visit (Senior Physiotherapist)","qty":3,"unitPrice":3500,"gstRate":0,"gstAmount":0,"total":10500}]', 'cmmt1lb44003wqolqz67bcwna', 'cmmt1lbe800a8qolqxwl7f21w', '2026-03-16T10:30:15.644Z', '2026-03-16T10:30:15.644Z');
INSERT INTO "Invoice" ("id", "invoiceNumber", "invoiceType", "subtotal", "totalGst", "totalAmount", "paidAmount", "discountPercent", "status", "dueDate", "validTill", "referredBy", "lineItems", "clientId", "packageId", "createdAt", "updatedAt") VALUES ('cmmt1lc2m00ieqolqd0ov78zz', 'INV-2026-0012', 'INVOICE', 3300, 594, 3894, 0, 0, 'DRAFT', '2026-02-22T06:30:31.342Z', NULL, NULL, '[{"serviceId":"cmmt1lay0001iqolqazdukm48","serviceName":"Sports / Deep Tissue Massage (90 min)","qty":1,"unitPrice":3300,"gstRate":0.18,"gstAmount":594,"total":3894}]', 'cmmt1lb46003yqolq8hjrmwsl', 'cmmt1lbec00aaqolqmtqic9dp', '2026-03-16T10:30:15.646Z', '2026-03-16T10:30:15.646Z');
INSERT INTO "Invoice" ("id", "invoiceNumber", "invoiceType", "subtotal", "totalGst", "totalAmount", "paidAmount", "discountPercent", "status", "dueDate", "validTill", "referredBy", "lineItems", "clientId", "packageId", "createdAt", "updatedAt") VALUES ('cmmt1lc2p00igqolqug1ekd37', 'INV-2026-0013', 'INVOICE', 2000, 0, 2000, 0, 0, 'OVERDUE', '2026-01-23T14:17:16.800Z', '2026-02-07T14:17:16.800Z', 'Walk-in', '[{"serviceId":"cmmt1laxw001aqolq9jjonzqb","serviceName":"Therapeutic Ultrasound","qty":2,"unitPrice":1000,"gstRate":0,"gstAmount":0,"total":2000}]', 'cmmt1lb46003yqolq8hjrmwsl', 'cmmt1lbec00aaqolqmtqic9dp', '2026-03-16T10:30:15.649Z', '2026-03-16T10:30:15.649Z');
INSERT INTO "Invoice" ("id", "invoiceNumber", "invoiceType", "subtotal", "totalGst", "totalAmount", "paidAmount", "discountPercent", "status", "dueDate", "validTill", "referredBy", "lineItems", "clientId", "packageId", "createdAt", "updatedAt") VALUES ('cmmt1lc2s00iiqolqfdqzhlsh', 'INV-2026-0014', 'INVOICE', 16500, 2970, 17820, 0, 10, 'OVERDUE', '2026-01-13T10:57:14.691Z', NULL, 'Instagram', '[{"serviceId":"cmmt1lay0001iqolqazdukm48","serviceName":"Sports / Deep Tissue Massage (90 min)","qty":5,"unitPrice":3300,"gstRate":0.18,"gstAmount":2970,"total":19470}]', 'cmmt1lb470040qolqbd9asgqd', 'cmmt1lbef00acqolqnbwh7bhv', '2026-03-16T10:30:15.652Z', '2026-03-16T10:30:15.652Z');
INSERT INTO "Invoice" ("id", "invoiceNumber", "invoiceType", "subtotal", "totalGst", "totalAmount", "paidAmount", "discountPercent", "status", "dueDate", "validTill", "referredBy", "lineItems", "clientId", "packageId", "createdAt", "updatedAt") VALUES ('cmmt1lc2x00ikqolq6tgzy5oe', 'INV-2026-0015', 'INVOICE', 2800, 504, 3304, 0, 0, 'OVERDUE', '2026-04-10T07:58:43.925Z', NULL, NULL, '[{"serviceId":"cmmt1layf002aqolqr765jq7e","serviceName":"Follow up Nutrition Session (Senior Nutritionist)","qty":1,"unitPrice":2800,"gstRate":0.18,"gstAmount":504,"total":3304}]', 'cmmt1lb470040qolqbd9asgqd', 'cmmt1lbef00acqolqnbwh7bhv', '2026-03-16T10:30:15.658Z', '2026-03-16T10:30:15.658Z');
INSERT INTO "Invoice" ("id", "invoiceNumber", "invoiceType", "subtotal", "totalGst", "totalAmount", "paidAmount", "discountPercent", "status", "dueDate", "validTill", "referredBy", "lineItems", "clientId", "packageId", "createdAt", "updatedAt") VALUES ('cmmt1lc3200imqolqf4nds0py', 'INV-2026-0016', 'INVOICE', 18000, 3240, 21240, 0, 0, 'DRAFT', '2026-02-24T15:22:24.099Z', NULL, 'Instagram', '[{"serviceId":"cmmt1laye0026qolqjxzb8xbp","serviceName":"Emotional Healing & Behavioural Change Counselling","qty":6,"unitPrice":3000,"gstRate":0.18,"gstAmount":3240,"total":21240}]', 'cmmt1lb490042qolqy8y975yv', 'cmmt1lbes00aeqolqodfb2rym', '2026-03-16T10:30:15.662Z', '2026-03-16T10:30:15.662Z');
INSERT INTO "Invoice" ("id", "invoiceNumber", "invoiceType", "subtotal", "totalGst", "totalAmount", "paidAmount", "discountPercent", "status", "dueDate", "validTill", "referredBy", "lineItems", "clientId", "packageId", "createdAt", "updatedAt") VALUES ('cmmt1lc3500ioqolq7ymvaiz3', 'INV-2026-0017', 'PROFORMA', 8800, 440, 8360, 8360, 10, 'PAID', '2026-04-19T01:18:46.965Z', '2026-05-04T01:18:46.965Z', 'Instagram', '[{"serviceId":"cmmt1lay8001uqolqv7wcjeyb","serviceName":"Yoga & Sound Healing / Breathwork","qty":4,"unitPrice":2200,"gstRate":0.05,"gstAmount":440,"total":9240}]', 'cmmt1lb490042qolqy8y975yv', 'cmmt1lbes00aeqolqodfb2rym', '2026-03-16T10:30:15.665Z', '2026-03-16T10:30:15.665Z');
INSERT INTO "Invoice" ("id", "invoiceNumber", "invoiceType", "subtotal", "totalGst", "totalAmount", "paidAmount", "discountPercent", "status", "dueDate", "validTill", "referredBy", "lineItems", "clientId", "packageId", "createdAt", "updatedAt") VALUES ('cmmt1lc3800iqqolq7h6yme9p', 'INV-2026-0018', 'INVOICE', 3600, 0, 3600, 0, 0, 'SENT', '2026-03-26T19:29:29.020Z', NULL, NULL, '[{"serviceId":"cmmt1laxj000oqolq7oehfoc1","serviceName":"Rehabilitation with Cupping (Head Physiotherapist)","qty":2,"unitPrice":1800,"gstRate":0,"gstAmount":0,"total":3600}]', 'cmmt1lb4c0044qolqalxlhx3a', 'cmmt1lbev00agqolqupfi2tkq', '2026-03-16T10:30:15.668Z', '2026-03-16T10:30:15.668Z');
INSERT INTO "Invoice" ("id", "invoiceNumber", "invoiceType", "subtotal", "totalGst", "totalAmount", "paidAmount", "discountPercent", "status", "dueDate", "validTill", "referredBy", "lineItems", "clientId", "packageId", "createdAt", "updatedAt") VALUES ('cmmt1lc3a00isqolq8v8ufvz7', 'INV-2026-0019', 'INVOICE', 6600, 1188, 7788, 0, 0, 'SENT', '2026-02-15T11:21:58.519Z', NULL, 'Google', '[{"serviceId":"cmmt1lay0001iqolqazdukm48","serviceName":"Sports / Deep Tissue Massage (90 min)","qty":2,"unitPrice":3300,"gstRate":0.18,"gstAmount":1188,"total":7788}]', 'cmmt1lb4f0046qolqhpaqh1z4', 'cmmt1lbez00aiqolqq0cxui1c', '2026-03-16T10:30:15.670Z', '2026-03-16T10:30:15.670Z');
INSERT INTO "Invoice" ("id", "invoiceNumber", "invoiceType", "subtotal", "totalGst", "totalAmount", "paidAmount", "discountPercent", "status", "dueDate", "validTill", "referredBy", "lineItems", "clientId", "packageId", "createdAt", "updatedAt") VALUES ('cmmt1lc3c00iuqolqb7tllr01', 'INV-2026-0020', 'INVOICE', 6000, 1080, 7080, 0, 0, 'OVERDUE', '2026-01-03T13:04:21.170Z', '2026-01-18T13:04:21.170Z', NULL, '[{"serviceId":"cmmt1laye0026qolqjxzb8xbp","serviceName":"Emotional Healing & Behavioural Change Counselling","qty":2,"unitPrice":3000,"gstRate":0.18,"gstAmount":1080,"total":7080}]', 'cmmt1lb4f0046qolqhpaqh1z4', 'cmmt1lbez00aiqolqq0cxui1c', '2026-03-16T10:30:15.672Z', '2026-03-16T10:30:15.672Z');
INSERT INTO "Invoice" ("id", "invoiceNumber", "invoiceType", "subtotal", "totalGst", "totalAmount", "paidAmount", "discountPercent", "status", "dueDate", "validTill", "referredBy", "lineItems", "clientId", "packageId", "createdAt", "updatedAt") VALUES ('cmmt1lc3e00iwqolqzm9g6hb1', 'INV-2026-0021', 'INVOICE', 3600, 0, 3240, 0, 10, 'DRAFT', '2026-04-19T06:18:06.291Z', NULL, 'Google', '[{"serviceId":"cmmt1laxp0012qolqlnhtc9tg","serviceName":"Cupping (Senior Physiotherapist)","qty":2,"unitPrice":1800,"gstRate":0,"gstAmount":0,"total":3600}]', 'cmmt1lb4g0048qolqxymdgw1v', 'cmmt1lbf200akqolqdfogi8dn', '2026-03-16T10:30:15.675Z', '2026-03-16T10:30:15.675Z');
INSERT INTO "Invoice" ("id", "invoiceNumber", "invoiceType", "subtotal", "totalGst", "totalAmount", "paidAmount", "discountPercent", "status", "dueDate", "validTill", "referredBy", "lineItems", "clientId", "packageId", "createdAt", "updatedAt") VALUES ('cmmt1lc3h00iyqolq4d6kkyrg', 'INV-2026-0022', 'INVOICE', 6000, 0, 5700, 5700, 5, 'PAID', '2026-02-04T10:25:58.819Z', NULL, 'Instagram', '[{"serviceId":"cmmt1laxk000qqolqho4ph8yf","serviceName":"Physiotherapy Consultation & Session (Senior Physiotherapist)","qty":3,"unitPrice":2000,"gstRate":0,"gstAmount":0,"total":6000}]', 'cmmt1lb4h004aqolqmv5u0ztt', 'cmmt1lbf500amqolql4q148mf', '2026-03-16T10:30:15.678Z', '2026-03-16T10:30:15.678Z');
INSERT INTO "Invoice" ("id", "invoiceNumber", "invoiceType", "subtotal", "totalGst", "totalAmount", "paidAmount", "discountPercent", "status", "dueDate", "validTill", "referredBy", "lineItems", "clientId", "packageId", "createdAt", "updatedAt") VALUES ('cmmt1lc3k00j0qolq0ni8s9dq', 'INV-2026-0023', 'INVOICE', 4400, 792, 5192, 0, 0, 'OVERDUE', '2026-03-07T01:43:12.680Z', NULL, 'Walk-in', '[{"serviceId":"cmmt1lay5001oqolqjkyp885q","serviceName":"Sports / Deep Tissue Massage Home Visit (90 min)","qty":1,"unitPrice":4400,"gstRate":0.18,"gstAmount":792,"total":5192}]', 'cmmt1lb4i004cqolqju0t1oqm', 'cmmt1lbfd00aoqolq5ylseq5p', '2026-03-16T10:30:15.680Z', '2026-03-16T10:30:15.680Z');
INSERT INTO "Invoice" ("id", "invoiceNumber", "invoiceType", "subtotal", "totalGst", "totalAmount", "paidAmount", "discountPercent", "status", "dueDate", "validTill", "referredBy", "lineItems", "clientId", "packageId", "createdAt", "updatedAt") VALUES ('cmmt1lc3n00j2qolqztzxzrp5', 'INV-2026-0024', 'INVOICE', 9000, 0, 8100, 0, 10, 'DRAFT', '2026-02-16T14:46:32.686Z', NULL, 'Doctor Referral', '[{"serviceId":"cmmt1laxx001cqolq96ce6ig0","serviceName":"K-Taping / Dry Needling / Therapeutic Ultrasound","qty":6,"unitPrice":1500,"gstRate":0,"gstAmount":0,"total":9000}]', 'cmmt1lb4j004eqolqd4y4qeaj', 'cmmt1lbfg00aqqolqbc8fg2hn', '2026-03-16T10:30:15.683Z', '2026-03-16T10:30:15.683Z');
INSERT INTO "Invoice" ("id", "invoiceNumber", "invoiceType", "subtotal", "totalGst", "totalAmount", "paidAmount", "discountPercent", "status", "dueDate", "validTill", "referredBy", "lineItems", "clientId", "packageId", "createdAt", "updatedAt") VALUES ('cmmt1lc3r00j4qolqx57h448p', 'INV-2026-0025', 'INVOICE', 7000, 350, 7350, 7350, 0, 'PAID', '2026-01-28T00:30:33.117Z', '2026-02-12T00:30:33.117Z', NULL, '[{"serviceId":"cmmt1laya001yqolq9lq9ormz","serviceName":"Group Yoga (Duo)","qty":4,"unitPrice":1750,"gstRate":0.05,"gstAmount":350,"total":7350}]', 'cmmt1lb4j004eqolqd4y4qeaj', 'cmmt1lbfg00aqqolqbc8fg2hn', '2026-03-16T10:30:15.687Z', '2026-03-16T10:30:15.687Z');
INSERT INTO "Invoice" ("id", "invoiceNumber", "invoiceType", "subtotal", "totalGst", "totalAmount", "paidAmount", "discountPercent", "status", "dueDate", "validTill", "referredBy", "lineItems", "clientId", "packageId", "createdAt", "updatedAt") VALUES ('cmmt1lc3v00j6qolqcydb2e5x', 'INV-2026-0026', 'INVOICE', 3200, 160, 3200, 0, 5, 'SENT', '2026-03-01T06:14:51.716Z', NULL, 'Instagram', '[{"serviceId":"cmmt1lay7001qqolq44c3idlu","serviceName":"Specialised Yoga","qty":1,"unitPrice":3200,"gstRate":0.05,"gstAmount":160,"total":3360}]', 'cmmt1lb4l004gqolq6kclwyhl', 'cmmt1lbfm00asqolqo6je4oyj', '2026-03-16T10:30:15.691Z', '2026-03-16T10:30:15.691Z');
INSERT INTO "Invoice" ("id", "invoiceNumber", "invoiceType", "subtotal", "totalGst", "totalAmount", "paidAmount", "discountPercent", "status", "dueDate", "validTill", "referredBy", "lineItems", "clientId", "packageId", "createdAt", "updatedAt") VALUES ('cmmt1lc3y00j8qolqbqvn9p9a', 'INV-2026-0027', 'INVOICE', 3600, 0, 3600, 0, 0, 'SENT', '2026-04-27T01:43:51.213Z', NULL, 'Walk-in', '[{"serviceId":"cmmt1laxo0010qolq712ltkly","serviceName":"Online Physiotherapy Session (Senior Physiotherapist)","qty":3,"unitPrice":1200,"gstRate":0,"gstAmount":0,"total":3600}]', 'cmmt1lb4m004iqolqepw4h89q', 'cmmt1lbfr00auqolq55hk2fg6', '2026-03-16T10:30:15.694Z', '2026-03-16T10:30:15.694Z');
INSERT INTO "Invoice" ("id", "invoiceNumber", "invoiceType", "subtotal", "totalGst", "totalAmount", "paidAmount", "discountPercent", "status", "dueDate", "validTill", "referredBy", "lineItems", "clientId", "packageId", "createdAt", "updatedAt") VALUES ('cmmt1lc4200jaqolqul7nyrju', 'INV-2026-0028', 'INVOICE', 4400, 220, 4180, 4180, 10, 'PAID', '2026-02-01T23:27:02.694Z', NULL, 'Google', '[{"serviceId":"cmmt1lay8001uqolqv7wcjeyb","serviceName":"Yoga & Sound Healing / Breathwork","qty":2,"unitPrice":2200,"gstRate":0.05,"gstAmount":220,"total":4620}]', 'cmmt1lb4n004kqolqvxmfpewp', 'cmmt1lbfx00awqolq3ijq1eyt', '2026-03-16T10:30:15.698Z', '2026-03-16T10:30:15.698Z');
INSERT INTO "Invoice" ("id", "invoiceNumber", "invoiceType", "subtotal", "totalGst", "totalAmount", "paidAmount", "discountPercent", "status", "dueDate", "validTill", "referredBy", "lineItems", "clientId", "packageId", "createdAt", "updatedAt") VALUES ('cmmt1lc4500jcqolqtk0qzph7', 'INV-2026-0029', 'PROFORMA', 4840, 871.2, 5711.2, 0, 0, 'DRAFT', '2026-04-09T13:29:28.122Z', NULL, 'Instagram', '[{"serviceId":"cmmt1lay2001kqolqskitazpt","serviceName":"Sports / Deep Tissue Massage Home Visit (30 min)","qty":2,"unitPrice":2420,"gstRate":0.18,"gstAmount":871.2,"total":5711.2}]', 'cmmt1lb4n004kqolqvxmfpewp', 'cmmt1lbfx00awqolq3ijq1eyt', '2026-03-16T10:30:15.701Z', '2026-03-16T10:30:15.701Z');
INSERT INTO "Invoice" ("id", "invoiceNumber", "invoiceType", "subtotal", "totalGst", "totalAmount", "paidAmount", "discountPercent", "status", "dueDate", "validTill", "referredBy", "lineItems", "clientId", "packageId", "createdAt", "updatedAt") VALUES ('cmmt1lc4700jeqolqsgekn7l3', 'INV-2026-0030', 'INVOICE', 7200, 0, 7200, 7200, 0, 'PAID', '2026-04-22T17:59:57.827Z', NULL, 'Walk-in', '[{"serviceId":"cmmt1laxo0010qolq712ltkly","serviceName":"Online Physiotherapy Session (Senior Physiotherapist)","qty":6,"unitPrice":1200,"gstRate":0,"gstAmount":0,"total":7200}]', 'cmmt1lb4o004mqolqp03wmxxj', 'cmmt1lbfz00ayqolqqlbl09aj', '2026-03-16T10:30:15.703Z', '2026-03-16T10:30:15.703Z');
INSERT INTO "Invoice" ("id", "invoiceNumber", "invoiceType", "subtotal", "totalGst", "totalAmount", "paidAmount", "discountPercent", "status", "dueDate", "validTill", "referredBy", "lineItems", "clientId", "packageId", "createdAt", "updatedAt") VALUES ('cmmt1lc4b00jgqolqzy8o6xzo', 'INV-2026-0031', 'INVOICE', 10800, 0, 9720, 9720, 10, 'PAID', '2026-01-29T03:19:00.155Z', NULL, 'Website', '[{"serviceId":"cmmt1laxl000sqolql6pmteso","serviceName":"Physiotherapy Session (Senior Physiotherapist)","qty":6,"unitPrice":1800,"gstRate":0,"gstAmount":0,"total":10800}]', 'cmmt1lb4p004oqolq8k8aut4n', 'cmmt1lbg200b0qolqv90dzf6m', '2026-03-16T10:30:15.707Z', '2026-03-16T10:30:15.707Z');
INSERT INTO "Invoice" ("id", "invoiceNumber", "invoiceType", "subtotal", "totalGst", "totalAmount", "paidAmount", "discountPercent", "status", "dueDate", "validTill", "referredBy", "lineItems", "clientId", "packageId", "createdAt", "updatedAt") VALUES ('cmmt1lc4d00jiqolqse599z5h', 'INV-2026-0032', 'INVOICE', 6400, 320, 6400, 4800, 5, 'PARTIAL', '2026-02-23T11:40:39.043Z', NULL, 'Walk-in', '[{"serviceId":"cmmt1lay7001qqolq44c3idlu","serviceName":"Specialised Yoga","qty":2,"unitPrice":3200,"gstRate":0.05,"gstAmount":320,"total":6720}]', 'cmmt1lb4r004qqolq0ftv472c', 'cmmt1lbg400b2qolqkpzvc3dc', '2026-03-16T10:30:15.709Z', '2026-03-16T10:30:15.709Z');
INSERT INTO "Invoice" ("id", "invoiceNumber", "invoiceType", "subtotal", "totalGst", "totalAmount", "paidAmount", "discountPercent", "status", "dueDate", "validTill", "referredBy", "lineItems", "clientId", "packageId", "createdAt", "updatedAt") VALUES ('cmmt1lc4g00jkqolqf1y09fay', 'INV-2026-0033', 'INVOICE', 19800, 3564, 23364, 11682, 0, 'PARTIAL', '2026-03-26T13:15:29.929Z', NULL, 'Website', '[{"serviceId":"cmmt1lay0001iqolqazdukm48","serviceName":"Sports / Deep Tissue Massage (90 min)","qty":6,"unitPrice":3300,"gstRate":0.18,"gstAmount":3564,"total":23364}]', 'cmmt1lb4s004sqolqn2kj45tc', 'cmmt1lbg600b4qolqtlzm9apc', '2026-03-16T10:30:15.712Z', '2026-03-16T10:30:15.712Z');
INSERT INTO "Invoice" ("id", "invoiceNumber", "invoiceType", "subtotal", "totalGst", "totalAmount", "paidAmount", "discountPercent", "status", "dueDate", "validTill", "referredBy", "lineItems", "clientId", "packageId", "createdAt", "updatedAt") VALUES ('cmmt1lc4i00jmqolqu3sg1su0', 'INV-2026-0034', 'PROFORMA', 1000, 0, 950, 475, 5, 'PARTIAL', '2026-04-21T17:45:24.116Z', '2026-05-06T17:45:24.116Z', 'Doctor Referral', '[{"serviceId":"cmmt1laxw001aqolq9jjonzqb","serviceName":"Therapeutic Ultrasound","qty":1,"unitPrice":1000,"gstRate":0,"gstAmount":0,"total":1000}]', 'cmmt1lb4s004sqolqn2kj45tc', 'cmmt1lbg600b4qolqtlzm9apc', '2026-03-16T10:30:15.714Z', '2026-03-16T10:30:15.714Z');
INSERT INTO "Invoice" ("id", "invoiceNumber", "invoiceType", "subtotal", "totalGst", "totalAmount", "paidAmount", "discountPercent", "status", "dueDate", "validTill", "referredBy", "lineItems", "clientId", "packageId", "createdAt", "updatedAt") VALUES ('cmmt1lc4k00joqolq7oqzogt9', 'INV-2026-0035', 'INVOICE', 3000, 540, 3240, 3240, 10, 'PAID', '2026-04-20T13:27:12.480Z', NULL, 'Walk-in', '[{"serviceId":"cmmt1laye0026qolqjxzb8xbp","serviceName":"Emotional Healing & Behavioural Change Counselling","qty":1,"unitPrice":3000,"gstRate":0.18,"gstAmount":540,"total":3540}]', 'cmmt1lb4t004uqolqntu4w177', 'cmmt1lbg900b6qolqocr2q0cs', '2026-03-16T10:30:15.717Z', '2026-03-16T10:30:15.717Z');
INSERT INTO "Invoice" ("id", "invoiceNumber", "invoiceType", "subtotal", "totalGst", "totalAmount", "paidAmount", "discountPercent", "status", "dueDate", "validTill", "referredBy", "lineItems", "clientId", "packageId", "createdAt", "updatedAt") VALUES ('cmmt1lc4r00jqqolqxvnu02ck', 'INV-2026-0036', 'PROFORMA', 13200, 660, 13860, 0, 0, 'DRAFT', '2026-04-14T22:13:57.325Z', NULL, 'Google', '[{"serviceId":"cmmt1lay8001uqolqv7wcjeyb","serviceName":"Yoga & Sound Healing / Breathwork","qty":6,"unitPrice":2200,"gstRate":0.05,"gstAmount":660,"total":13860}]', 'cmmt1lb4t004uqolqntu4w177', 'cmmt1lbg900b6qolqocr2q0cs', '2026-03-16T10:30:15.724Z', '2026-03-16T10:30:15.724Z');
INSERT INTO "Invoice" ("id", "invoiceNumber", "invoiceType", "subtotal", "totalGst", "totalAmount", "paidAmount", "discountPercent", "status", "dueDate", "validTill", "referredBy", "lineItems", "clientId", "packageId", "createdAt", "updatedAt") VALUES ('cmmt1lc4v00jsqolqldtygdh3', 'INV-2026-0037', 'INVOICE', 9500, 475, 9025, 6768.75, 10, 'PARTIAL', '2026-04-29T12:46:13.163Z', NULL, 'Website', '[{"serviceId":"cmmt1lay7001sqolqodamauy1","serviceName":"Yoga & Sound Bath","qty":5,"unitPrice":1900,"gstRate":0.05,"gstAmount":475,"total":9975}]', 'cmmt1lb4u004wqolqr3blxn81', 'cmmt1lbgc00b8qolqoa3qaeez', '2026-03-16T10:30:15.727Z', '2026-03-16T10:30:15.727Z');
INSERT INTO "Invoice" ("id", "invoiceNumber", "invoiceType", "subtotal", "totalGst", "totalAmount", "paidAmount", "discountPercent", "status", "dueDate", "validTill", "referredBy", "lineItems", "clientId", "packageId", "createdAt", "updatedAt") VALUES ('cmmt1lc4x00juqolqyjoj07dj', 'INV-2026-0038', 'PROFORMA', 10500, 0, 9975, 4987.5, 5, 'PARTIAL', '2026-02-27T07:35:50.306Z', '2026-03-14T07:35:50.306Z', 'Doctor Referral', '[{"serviceId":"cmmt1laxo000yqolqdr72xpua","serviceName":"Physiotherapy Home Visit (Senior Physiotherapist)","qty":3,"unitPrice":3500,"gstRate":0,"gstAmount":0,"total":10500}]', 'cmmt1lb4u004wqolqr3blxn81', 'cmmt1lbgc00b8qolqoa3qaeez', '2026-03-16T10:30:15.730Z', '2026-03-16T10:30:15.730Z');
INSERT INTO "Invoice" ("id", "invoiceNumber", "invoiceType", "subtotal", "totalGst", "totalAmount", "paidAmount", "discountPercent", "status", "dueDate", "validTill", "referredBy", "lineItems", "clientId", "packageId", "createdAt", "updatedAt") VALUES ('cmmt67tq00001qoza5uqhiecl', 'MBD/001/2026', 'INVOICE', 3000, 540, 3540, 0, 0, 'DRAFT', '2026-07-12T00:00:00.000Z', NULL, NULL, '[{"service":"Integrated Counselling Home Visit","consultant":"","hsnSac":"","sessions":1,"discountPercent":0,"perSessionAmount":3000,"gstRate":0.18,"subtotal":3000,"gstAmount":540,"total":3540}]', 'cmmt1lb4t004uqolqntu4w177', NULL, '2026-03-16T12:39:43.415Z', '2026-03-16T12:39:43.415Z');

-- ─── PAYMENT (25 rows) ───
INSERT INTO "Payment" ("id", "amount", "method", "paymentDate", "reference", "invoiceId", "createdAt") VALUES ('cmmt1lc5100jwqolq08itauba', 8550, 'CASH', '2025-12-12T22:04:29.525Z', 'TXN712776', 'cmmt1lc1u00huqolq85e4i6tt', '2026-03-16T10:30:15.733Z');
INSERT INTO "Payment" ("id", "amount", "method", "paymentDate", "reference", "invoiceId", "createdAt") VALUES ('cmmt1lc5300jyqolqzoflygun', 9000, 'NEFT', '2025-12-06T20:38:43.748Z', 'TXN827158', 'cmmt1lc1z00hwqolqoxvjutxj', '2026-03-16T10:30:15.736Z');
INSERT INTO "Payment" ("id", "amount", "method", "paymentDate", "reference", "invoiceId", "createdAt") VALUES ('cmmt1lc5500k0qolqfvqdy7bz', 10260, 'UPI', '2025-12-19T02:56:48.747Z', 'TXN513650', 'cmmt1lc2300hyqolql3y8hyau', '2026-03-16T10:30:15.738Z');
INSERT INTO "Payment" ("id", "amount", "method", "paymentDate", "reference", "invoiceId", "createdAt") VALUES ('cmmt1lc5700k2qolq967j23lo', 5400, 'CASH', '2026-02-01T22:47:00.319Z', 'TXN413245', 'cmmt1lc2500i0qolqot2lu5mw', '2026-03-16T10:30:15.740Z');
INSERT INTO "Payment" ("id", "amount", "method", "paymentDate", "reference", "invoiceId", "createdAt") VALUES ('cmmt1lc5900k4qolq1qqqgp7n', 13365, 'UPI', '2026-02-22T03:49:58.176Z', 'TXN729996', 'cmmt1lc2700i2qolq4ymzc58p', '2026-03-16T10:30:15.742Z');
INSERT INTO "Payment" ("id", "amount", "method", "paymentDate", "reference", "invoiceId", "createdAt") VALUES ('cmmt1lc5c00k6qolq9z4bjv0k', 10800, 'CARD', '2026-01-26T07:22:38.216Z', 'TXN765367', 'cmmt1lc2a00i4qolqzimiuagh', '2026-03-16T10:30:15.744Z');
INSERT INTO "Payment" ("id", "amount", "method", "paymentDate", "reference", "invoiceId", "createdAt") VALUES ('cmmt1lc5e00k8qolqgezx5db2', 3960, 'CARD', '2026-02-26T13:41:08.225Z', NULL, 'cmmt1lc2f00i8qolq7uo3p0ez', '2026-03-16T10:30:15.746Z');
INSERT INTO "Payment" ("id", "amount", "method", "paymentDate", "reference", "invoiceId", "createdAt") VALUES ('cmmt1lc5g00kaqolqx2swf5jg', 486.75, 'RAZORPAY', '2026-01-28T05:50:47.785Z', 'TXN125881', 'cmmt1lc2h00iaqolq6hddtr6h', '2026-03-16T10:30:15.749Z');
INSERT INTO "Payment" ("id", "amount", "method", "paymentDate", "reference", "invoiceId", "createdAt") VALUES ('cmmt1lc5i00kcqolqazcxaoz6', 486.75, 'RAZORPAY', '2026-02-10T01:37:38.469Z', 'TXN519646', 'cmmt1lc2h00iaqolq6hddtr6h', '2026-03-16T10:30:15.751Z');
INSERT INTO "Payment" ("id", "amount", "method", "paymentDate", "reference", "invoiceId", "createdAt") VALUES ('cmmt1lc5o00keqolqqglek71a', 8360, 'NEFT', '2025-12-26T17:32:25.556Z', 'TXN226076', 'cmmt1lc3500ioqolq7ymvaiz3', '2026-03-16T10:30:15.756Z');
INSERT INTO "Payment" ("id", "amount", "method", "paymentDate", "reference", "invoiceId", "createdAt") VALUES ('cmmt1lc5q00kgqolqbsegi8p9', 5700, 'CASH', '2025-12-26T01:16:27.734Z', 'TXN245777', 'cmmt1lc3h00iyqolq4d6kkyrg', '2026-03-16T10:30:15.759Z');
INSERT INTO "Payment" ("id", "amount", "method", "paymentDate", "reference", "invoiceId", "createdAt") VALUES ('cmmt1lc5t00kiqolqwaana6pw', 7350, 'CARD', '2025-12-09T14:04:28.243Z', 'TXN763624', 'cmmt1lc3r00j4qolqx57h448p', '2026-03-16T10:30:15.761Z');
INSERT INTO "Payment" ("id", "amount", "method", "paymentDate", "reference", "invoiceId", "createdAt") VALUES ('cmmt1lc5v00kkqolqekg2984z', 4180, 'NEFT', '2026-02-13T13:06:59.628Z', 'TXN918466', 'cmmt1lc4200jaqolqul7nyrju', '2026-03-16T10:30:15.763Z');
INSERT INTO "Payment" ("id", "amount", "method", "paymentDate", "reference", "invoiceId", "createdAt") VALUES ('cmmt1lc5x00kmqolqpjwbgp2v', 7200, 'CARD', '2025-12-26T22:50:31.780Z', 'TXN652335', 'cmmt1lc4700jeqolqsgekn7l3', '2026-03-16T10:30:15.766Z');
INSERT INTO "Payment" ("id", "amount", "method", "paymentDate", "reference", "invoiceId", "createdAt") VALUES ('cmmt1lc5z00koqolqthc99t7g', 9720, 'UPI', '2026-03-14T18:14:17.963Z', 'TXN587191', 'cmmt1lc4b00jgqolqzy8o6xzo', '2026-03-16T10:30:15.768Z');
INSERT INTO "Payment" ("id", "amount", "method", "paymentDate", "reference", "invoiceId", "createdAt") VALUES ('cmmt1lc6100kqqolq99wldk3a', 2400, 'RAZORPAY', '2025-12-15T22:23:16.215Z', 'TXN304539', 'cmmt1lc4d00jiqolqse599z5h', '2026-03-16T10:30:15.770Z');
INSERT INTO "Payment" ("id", "amount", "method", "paymentDate", "reference", "invoiceId", "createdAt") VALUES ('cmmt1lc6300ksqolqpthpk3j2', 2400, 'NEFT', '2026-01-06T13:46:11.410Z', 'TXN781944', 'cmmt1lc4d00jiqolqse599z5h', '2026-03-16T10:30:15.772Z');
INSERT INTO "Payment" ("id", "amount", "method", "paymentDate", "reference", "invoiceId", "createdAt") VALUES ('cmmt1lc6500kuqolq3ykbuskc', 5841, 'NEFT', '2026-01-31T06:39:50.305Z', 'TXN352884', 'cmmt1lc4g00jkqolqf1y09fay', '2026-03-16T10:30:15.774Z');
INSERT INTO "Payment" ("id", "amount", "method", "paymentDate", "reference", "invoiceId", "createdAt") VALUES ('cmmt1lc6700kwqolqtj8kghx7', 5841, 'UPI', '2026-03-04T13:56:03.248Z', 'TXN629096', 'cmmt1lc4g00jkqolqf1y09fay', '2026-03-16T10:30:15.776Z');
INSERT INTO "Payment" ("id", "amount", "method", "paymentDate", "reference", "invoiceId", "createdAt") VALUES ('cmmt1lc6b00kyqolqlutros3e', 475, 'UPI', '2026-02-04T21:04:35.821Z', 'TXN458971', 'cmmt1lc4i00jmqolqu3sg1su0', '2026-03-16T10:30:15.779Z');
INSERT INTO "Payment" ("id", "amount", "method", "paymentDate", "reference", "invoiceId", "createdAt") VALUES ('cmmt1lc6d00l0qolq6kwzeyg8', 3240, 'UPI', '2025-12-04T16:16:49.788Z', 'TXN430188', 'cmmt1lc4k00joqolq7oqzogt9', '2026-03-16T10:30:15.782Z');
INSERT INTO "Payment" ("id", "amount", "method", "paymentDate", "reference", "invoiceId", "createdAt") VALUES ('cmmt1lc6f00l2qolqivsoi0yc', 3384.38, 'NEFT', '2026-01-06T00:31:46.926Z', NULL, 'cmmt1lc4v00jsqolqldtygdh3', '2026-03-16T10:30:15.784Z');
INSERT INTO "Payment" ("id", "amount", "method", "paymentDate", "reference", "invoiceId", "createdAt") VALUES ('cmmt1lc6p00l4qolq9cqoq7uo', 3384.37, 'NEFT', '2025-12-12T18:54:14.738Z', 'TXN608791', 'cmmt1lc4v00jsqolqldtygdh3', '2026-03-16T10:30:15.794Z');
INSERT INTO "Payment" ("id", "amount", "method", "paymentDate", "reference", "invoiceId", "createdAt") VALUES ('cmmt1lc6s00l6qolqw2aswsap', 2493.75, 'CARD', '2026-02-28T16:07:02.543Z', 'TXN973026', 'cmmt1lc4x00juqolqyjoj07dj', '2026-03-16T10:30:15.797Z');
INSERT INTO "Payment" ("id", "amount", "method", "paymentDate", "reference", "invoiceId", "createdAt") VALUES ('cmmt1lc6u00l8qolq2ein5qbu', 2493.75, 'RAZORPAY', '2026-03-04T21:48:14.447Z', 'TXN527377', 'cmmt1lc4x00juqolqyjoj07dj', '2026-03-16T10:30:15.799Z');

-- ─── ALERT (20 rows) ───
INSERT INTO "Alert" ("id", "type", "message", "isRead", "targetUserId", "clientId", "createdAt") VALUES ('cmmt1lc6x00laqolq27b61orz', 'SCHEDULE_GAP', 'Therapist availability conflict on Thursday', false, 'cmmt1lb3j003aqolqrdhrar8d', 'cmmt1lb4g0048qolqxymdgw1v', '2026-03-16T10:30:15.801Z');
INSERT INTO "Alert" ("id", "type", "message", "isRead", "targetUserId", "clientId", "createdAt") VALUES ('cmmt1lc7100lcqolqoptyuwyp', 'UNPAID_INVOICE', 'Partial payment pending — ₹4,500 outstanding', true, 'cmmt1lb38002qqolq71asohpx', 'cmmt1lb4g0048qolqxymdgw1v', '2026-03-16T10:30:15.806Z');
INSERT INTO "Alert" ("id", "type", "message", "isRead", "targetUserId", "clientId", "createdAt") VALUES ('cmmt1lc7300leqolqeu6u9lpr', 'UNPAID_INVOICE', 'Invoice INV-2026-0003 overdue by 15 days', true, 'cmmt1lb37002oqolqa95gvw33', 'cmmt1lb46003yqolq8hjrmwsl', '2026-03-16T10:30:15.808Z');
INSERT INTO "Alert" ("id", "type", "message", "isRead", "targetUserId", "clientId", "createdAt") VALUES ('cmmt1lc7700lgqolqd5wps33n', 'UNPAID_INVOICE', 'Partial payment pending — ₹4,500 outstanding', true, 'cmmt1lb3g0034qolq3f85armj', 'cmmt1lb42003sqolq13ohfsma', '2026-03-16T10:30:15.812Z');
INSERT INTO "Alert" ("id", "type", "message", "isRead", "targetUserId", "clientId", "createdAt") VALUES ('cmmt1lc7a00liqolqg21jyryx', 'SCHEDULE_GAP', 'Client has a 10-day gap in schedule — check in', false, 'cmmt1lb3b002uqolq1qzsk1jy', 'cmmt1lb44003wqolqz67bcwna', '2026-03-16T10:30:15.814Z');
INSERT INTO "Alert" ("id", "type", "message", "isRead", "targetUserId", "clientId", "createdAt") VALUES ('cmmt1lc7c00lkqolq7s2aplqx', 'UNPAID_INVOICE', 'Invoice pending since last month — send reminder', false, 'cmmt1lb3i0038qolqkud09mk2', 'cmmt1lb43003uqolqdj1vbjuh', '2026-03-16T10:30:15.817Z');
INSERT INTO "Alert" ("id", "type", "message", "isRead", "targetUserId", "clientId", "createdAt") VALUES ('cmmt1lc7i00lmqolqpqmhlncg', 'UNPAID_INVOICE', 'Partial payment pending — ₹4,500 outstanding', false, 'cmmt1lb3l003eqolqm26b5ij4', 'cmmt1lb4m004iqolqepw4h89q', '2026-03-16T10:30:15.822Z');
INSERT INTO "Alert" ("id", "type", "message", "isRead", "targetUserId", "clientId", "createdAt") VALUES ('cmmt1lc7l00loqolq3pp6p0h7', 'SESSION_BALANCE', '1 session remaining — discuss renewal', true, 'cmmt1lb3f0032qolq1ylpsiw9', 'cmmt1lb4j004eqolqd4y4qeaj', '2026-03-16T10:30:15.825Z');
INSERT INTO "Alert" ("id", "type", "message", "isRead", "targetUserId", "clientId", "createdAt") VALUES ('cmmt1lc7p00lqqolqutuxv0tc', 'PACKAGE_EXPIRY', 'Package expiring in 7 days', false, 'cmmt1lb3n003gqolqn0ruy5fc', 'cmmt1lb4h004aqolqmv5u0ztt', '2026-03-16T10:30:15.829Z');
INSERT INTO "Alert" ("id", "type", "message", "isRead", "targetUserId", "clientId", "createdAt") VALUES ('cmmt1lc7s00lsqolq4s31vk6m', 'FOLLOW_UP', 'Follow-up consultation due this week', false, 'cmmt1lb38002qqolq71asohpx', 'cmmt1lb46003yqolq8hjrmwsl', '2026-03-16T10:30:15.833Z');
INSERT INTO "Alert" ("id", "type", "message", "isRead", "targetUserId", "clientId", "createdAt") VALUES ('cmmt1lc7u00luqolqz9vzvra9', 'SCHEDULE_GAP', 'No sessions booked for next 2 weeks', false, 'cmmt1lb3c002wqolqnoz84vzl', 'cmmt1lb4r004qqolq0ftv472c', '2026-03-16T10:30:15.835Z');
INSERT INTO "Alert" ("id", "type", "message", "isRead", "targetUserId", "clientId", "createdAt") VALUES ('cmmt1lc7w00lwqolq9rbtkvd3', 'FOLLOW_UP', 'Follow-up consultation due this week', false, 'cmmt1lb3g0034qolq3f85armj', 'cmmt1lb4j004eqolqd4y4qeaj', '2026-03-16T10:30:15.837Z');
INSERT INTO "Alert" ("id", "type", "message", "isRead", "targetUserId", "clientId", "createdAt") VALUES ('cmmt1lc7z00lyqolq4kv3qwoe', 'PACKAGE_EXPIRY', 'Package expiring in 3 days — schedule remaining sessions', true, 'cmmt1lb3g0034qolq3f85armj', 'cmmt1lb490042qolqy8y975yv', '2026-03-16T10:30:15.839Z');
INSERT INTO "Alert" ("id", "type", "message", "isRead", "targetUserId", "clientId", "createdAt") VALUES ('cmmt1lc8100m0qolqyu9mvm1q', 'SESSION_BALANCE', 'Only 2 sessions remaining in current package', false, 'cmmt1lb3h0036qolqbgahflon', 'cmmt1lb4j004eqolqd4y4qeaj', '2026-03-16T10:30:15.842Z');
INSERT INTO "Alert" ("id", "type", "message", "isRead", "targetUserId", "clientId", "createdAt") VALUES ('cmmt1lc8400m2qolq2zmljivp', 'PACKAGE_EXPIRY', 'Package expiring in 7 days', false, 'cmmt1lb3l003eqolqm26b5ij4', 'cmmt1lb4s004sqolqn2kj45tc', '2026-03-16T10:30:15.844Z');
INSERT INTO "Alert" ("id", "type", "message", "isRead", "targetUserId", "clientId", "createdAt") VALUES ('cmmt1lc8500m4qolq944loa4z', 'SCHEDULE_GAP', 'Therapist availability conflict on Thursday', false, 'cmmt1lb38002qqolq71asohpx', 'cmmt1lb40003qqolq1y7erw4w', '2026-03-16T10:30:15.846Z');
INSERT INTO "Alert" ("id", "type", "message", "isRead", "targetUserId", "clientId", "createdAt") VALUES ('cmmt1lc8700m6qolqx8z94xff', 'FOLLOW_UP', 'Overdue follow-up: last visit was 4 weeks ago', true, 'cmmt1lb3c002wqolqnoz84vzl', 'cmmt1lb3y003mqolqyd682odo', '2026-03-16T10:30:15.848Z');
INSERT INTO "Alert" ("id", "type", "message", "isRead", "targetUserId", "clientId", "createdAt") VALUES ('cmmt1lc8a00m8qolqcr56xi9y', 'PACKAGE_EXPIRY', 'Package expiring in 7 days', false, 'cmmt1lb3c002wqolqnoz84vzl', 'cmmt1lb470040qolqbd9asgqd', '2026-03-16T10:30:15.850Z');
INSERT INTO "Alert" ("id", "type", "message", "isRead", "targetUserId", "clientId", "createdAt") VALUES ('cmmt1lc8h00maqolqhqz808e2', 'SESSION_BALANCE', '1 session remaining — discuss renewal', true, 'cmmt1lb3f0032qolq1ylpsiw9', 'cmmt1lb3w003kqolqmlz6s6d4', '2026-03-16T10:30:15.857Z');
INSERT INTO "Alert" ("id", "type", "message", "isRead", "targetUserId", "clientId", "createdAt") VALUES ('cmmt1lc8n00mcqolq3jeti46f', 'SESSION_BALANCE', 'Only 2 sessions remaining in current package', true, 'cmmt1lb3d002yqolqygmc01k7', 'cmmt1lb42003sqolq13ohfsma', '2026-03-16T10:30:15.863Z');

-- ═══════════════════════════════════════════════════════════
-- Seed complete!
-- ═══════════════════════════════════════════════════════════
